,subject,spos_bins,repeats,session,recalled,adj_rec
0,R1204T,1.0,1.0,0,0.0,0.06432613168724277
1,R1204T,2.0,1.0,0,0.3333333333333333,0.03822016460905353
2,R1204T,3.0,1.0,0,0.0,-0.03243312757201647
3,R1204T,4.0,1.0,0,0.3333333333333333,0.3203446502057613
4,R1204T,5.0,1.0,0,0.25,-0.10892489711934156
5,R1204T,6.0,1.0,0,0.0,-0.058243312757201654
6,R1204T,7.0,1.0,0,0.25,0.13371913580246914
7,R1204T,8.0,1.0,0,0.16666666666666666,0.2553144290123457
8,R1204T,9.0,1.0,0,0.0,0.10355764991181665
9,R1204T,1.0,1.0,1,0.49444444444444446,0.5587705761316872
10,R1204T,2.0,1.0,1,0.5,0.20488683127572022
11,R1204T,3.0,1.0,1,0.1111111111111111,0.07867798353909464
12,R1204T,4.0,1.0,1,0.0,-0.012988683127572023
13,R1204T,5.0,1.0,1,0.75,0.39107510288065844
14,R1204T,6.0,1.0,1,0.3333333333333333,0.27509002057613163
15,R1204T,7.0,1.0,1,0.25,0.13371913580246914
16,R1204T,8.0,1.0,1,0.125,0.213647762345679
17,R1204T,9.0,1.0,1,0.375,0.47855764991181665
18,R1204T,1.0,1.0,2,0.0,0.06432613168724277
19,R1204T,2.0,1.0,2,0.375,0.07988683127572022
20,R1204T,3.0,1.0,2,0.16666666666666666,0.1342335390946502
21,R1204T,4.0,1.0,2,0.0,-0.012988683127572023
22,R1204T,5.0,1.0,2,0.3333333333333333,-0.025591563786008242
23,R1204T,6.0,1.0,2,0.13888888888888887,0.08064557613168721
24,R1204T,7.0,1.0,2,0.25,0.13371913580246914
25,R1204T,8.0,1.0,2,0.16666666666666666,0.2553144290123457
26,R1204T,9.0,1.0,2,0.6666666666666666,0.7702243165784832
27,R1204T,1.0,,3,,
28,R1204T,2.0,,3,,
29,R1204T,3.0,,3,,
30,R1204T,4.0,,3,,
31,R1204T,5.0,,3,,
32,R1204T,6.0,,3,,
33,R1204T,7.0,,3,,
34,R1204T,8.0,,3,,
35,R1204T,9.0,,3,,
36,R1204T,1.0,,4,,
37,R1204T,2.0,,4,,
38,R1204T,3.0,,4,,
39,R1204T,4.0,,4,,
40,R1204T,5.0,,4,,
41,R1204T,6.0,,4,,
42,R1204T,7.0,,4,,
43,R1204T,8.0,,4,,
44,R1204T,9.0,,4,,
45,R1204T,1.0,,5,,
46,R1204T,2.0,,5,,
47,R1204T,3.0,,5,,
48,R1204T,4.0,,5,,
49,R1204T,5.0,,5,,
50,R1204T,6.0,,5,,
51,R1204T,7.0,,5,,
52,R1204T,8.0,,5,,
53,R1204T,9.0,,5,,
54,R1501J,1.0,1.0,0,0.2222222222222222,0.2939557613168724
55,R1501J,2.0,1.0,0,0.0,0.024331275720164608
56,R1501J,3.0,1.0,0,0.2222222222222222,0.1805298353909465
57,R1501J,4.0,1.0,0,0.24444444444444446,0.22404835390946504
58,R1501J,5.0,1.0,0,0.16666666666666666,0.08551954732510286
59,R1501J,6.0,1.0,0,0.20000000000000004,0.08434927983539098
60,R1501J,7.0,1.0,0,0.0,0.13371913580246914
61,R1501J,8.0,1.0,0,0.475,0.3080922067901234
62,R1501J,9.0,1.0,0,0.6,0.6841132054673721
63,R1501J,1.0,1.0,1,0.08333333333333333,0.1550668724279835
64,R1501J,2.0,1.0,1,0.25,0.2743312757201646
65,R1501J,3.0,1.0,1,0.0,-0.04169238683127571
66,R1501J,4.0,1.0,1,0.1111111111111111,0.09071502057613166
67,R1501J,5.0,1.0,1,0.3333333333333333,0.25218621399176955
68,R1501J,6.0,1.0,1,0.3611111111111111,0.24546039094650204
69,R1501J,7.0,1.0,1,0.0,0.13371913580246914
70,R1501J,8.0,1.0,1,0.375,0.20809220679012339
71,R1501J,9.0,1.0,1,0.25,0.3341132054673721
72,R1501J,1.0,1.0,2,0.16666666666666666,0.23840020576131685
73,R1501J,2.0,1.0,2,0.0,0.024331275720164608
74,R1501J,3.0,1.0,2,0.08333333333333333,0.041640946502057616
75,R1501J,4.0,1.0,2,0.0,-0.02039609053497944
76,R1501J,5.0,1.0,2,0.0,-0.0811471193415638
77,R1501J,6.0,1.0,2,0.08333333333333333,-0.03231738683127573
78,R1501J,7.0,1.0,2,0.0,0.13371913580246914
79,R1501J,8.0,1.0,2,0.375,0.20809220679012339
80,R1501J,9.0,1.0,2,0.25,0.3341132054673721
81,R1501J,1.0,,3,,
82,R1501J,2.0,,3,,
83,R1501J,3.0,,3,,
84,R1501J,4.0,,3,,
85,R1501J,5.0,,3,,
86,R1501J,6.0,,3,,
87,R1501J,7.0,,3,,
88,R1501J,8.0,,3,,
89,R1501J,9.0,,3,,
90,R1501J,1.0,,4,,
91,R1501J,2.0,,4,,
92,R1501J,3.0,,4,,
93,R1501J,4.0,,4,,
94,R1501J,5.0,,4,,
95,R1501J,6.0,,4,,
96,R1501J,7.0,,4,,
97,R1501J,8.0,,4,,
98,R1501J,9.0,,4,,
99,R1501J,1.0,,5,,
100,R1501J,2.0,,5,,
101,R1501J,3.0,,5,,
102,R1501J,4.0,,5,,
103,R1501J,5.0,,5,,
104,R1501J,6.0,,5,,
105,R1501J,7.0,,5,,
106,R1501J,8.0,,5,,
107,R1501J,9.0,,5,,
108,R1514E,1.0,1.0,0,0.0,0.2291409465020576
109,R1514E,2.0,1.0,0,0.0,0.10766460905349794
110,R1514E,3.0,1.0,0,0.0,0.06015946502057613
111,R1514E,4.0,1.0,0,0.0,0.09812242798353908
112,R1514E,5.0,1.0,0,0.1111111111111111,0.08551954732510286
113,R1514E,6.0,1.0,0,0.0,0.09916409465020576
114,R1514E,7.0,1.0,0,0.0,0.13371913580246914
115,R1514E,8.0,1.0,0,0.08333333333333333,0.24142554012345674
116,R1514E,9.0,1.0,0,0.5,0.4507798721340388
117,R1514E,1.0,,1,,
118,R1514E,2.0,,1,,
119,R1514E,3.0,,1,,
120,R1514E,4.0,,1,,
121,R1514E,5.0,,1,,
122,R1514E,6.0,,1,,
123,R1514E,7.0,,1,,
124,R1514E,8.0,,1,,
125,R1514E,9.0,,1,,
126,R1514E,1.0,,2,,
127,R1514E,2.0,,2,,
128,R1514E,3.0,,2,,
129,R1514E,4.0,,2,,
130,R1514E,5.0,,2,,
131,R1514E,6.0,,2,,
132,R1514E,7.0,,2,,
133,R1514E,8.0,,2,,
134,R1514E,9.0,,2,,
135,R1514E,1.0,,3,,
136,R1514E,2.0,,3,,
137,R1514E,3.0,,3,,
138,R1514E,4.0,,3,,
139,R1514E,5.0,,3,,
140,R1514E,6.0,,3,,
141,R1514E,7.0,,3,,
142,R1514E,8.0,,3,,
143,R1514E,9.0,,3,,
144,R1514E,1.0,,4,,
145,R1514E,2.0,,4,,
146,R1514E,3.0,,4,,
147,R1514E,4.0,,4,,
148,R1514E,5.0,,4,,
149,R1514E,6.0,,4,,
150,R1514E,7.0,,4,,
151,R1514E,8.0,,4,,
152,R1514E,9.0,,4,,
153,R1514E,1.0,,5,,
154,R1514E,2.0,,5,,
155,R1514E,3.0,,5,,
156,R1514E,4.0,,5,,
157,R1514E,5.0,,5,,
158,R1514E,6.0,,5,,
159,R1514E,7.0,,5,,
160,R1514E,8.0,,5,,
161,R1514E,9.0,,5,,
162,R1516E,1.0,1.0,0,0.08333333333333333,0.22914094650205757
163,R1516E,2.0,1.0,0,0.1111111111111111,0.10766460905349794
164,R1516E,3.0,1.0,0,0.0,0.06015946502057613
165,R1516E,4.0,1.0,0,0.1111111111111111,0.09812242798353908
166,R1516E,5.0,1.0,0,0.08333333333333333,0.08551954732510286
167,R1516E,6.0,1.0,0,0.20000000000000004,0.09916409465020576
168,R1516E,7.0,1.0,0,0.0,0.13371913580246914
169,R1516E,8.0,1.0,0,0.0,0.24142554012345677
170,R1516E,9.0,1.0,0,0.2,0.4507798721340388
171,R1516E,1.0,,1,,
172,R1516E,2.0,,1,,
173,R1516E,3.0,,1,,
174,R1516E,4.0,,1,,
175,R1516E,5.0,,1,,
176,R1516E,6.0,,1,,
177,R1516E,7.0,,1,,
178,R1516E,8.0,,1,,
179,R1516E,9.0,,1,,
180,R1516E,1.0,,2,,
181,R1516E,2.0,,2,,
182,R1516E,3.0,,2,,
183,R1516E,4.0,,2,,
184,R1516E,5.0,,2,,
185,R1516E,6.0,,2,,
186,R1516E,7.0,,2,,
187,R1516E,8.0,,2,,
188,R1516E,9.0,,2,,
189,R1516E,1.0,,3,,
190,R1516E,2.0,,3,,
191,R1516E,3.0,,3,,
192,R1516E,4.0,,3,,
193,R1516E,5.0,,3,,
194,R1516E,6.0,,3,,
195,R1516E,7.0,,3,,
196,R1516E,8.0,,3,,
197,R1516E,9.0,,3,,
198,R1516E,1.0,,4,,
199,R1516E,2.0,,4,,
200,R1516E,3.0,,4,,
201,R1516E,4.0,,4,,
202,R1516E,5.0,,4,,
203,R1516E,6.0,,4,,
204,R1516E,7.0,,4,,
205,R1516E,8.0,,4,,
206,R1516E,9.0,,4,,
207,R1516E,1.0,,5,,
208,R1516E,2.0,,5,,
209,R1516E,3.0,,5,,
210,R1516E,4.0,,5,,
211,R1516E,5.0,,5,,
212,R1516E,6.0,,5,,
213,R1516E,7.0,,5,,
214,R1516E,8.0,,5,,
215,R1516E,9.0,,5,,
216,R1528E,1.0,1.0,0,0.2333333333333333,0.34580761316872427
217,R1528E,2.0,1.0,0,0.16666666666666666,0.19099794238683127
218,R1528E,3.0,1.0,0,0.0,0.06015946502057613
219,R1528E,4.0,1.0,0,0.0,0.014789094650205753
220,R1528E,5.0,1.0,0,0.27777777777777773,0.22440843621399173
221,R1528E,6.0,1.0,0,0.0,0.09916409465020576
222,R1528E,7.0,1.0,0,0.0,-0.17878086419753086
223,R1528E,8.0,1.0,0,0.08333333333333333,-0.050241126543209905
224,R1528E,9.0,1.0,0,0.875,0.4716132054673722
225,R1528E,1.0,1.0,1,0.0,0.11247427983539095
226,R1528E,2.0,1.0,1,0.0,0.024331275720164608
227,R1528E,3.0,1.0,1,0.0,0.06015946502057613
228,R1528E,4.0,1.0,1,0.16666666666666666,0.1814557613168724
229,R1528E,5.0,1.0,1,0.0,-0.053369341563786005
230,R1528E,6.0,1.0,1,0.0,0.09916409465020576
231,R1528E,7.0,1.0,1,0.625,0.44621913580246914
232,R1528E,8.0,1.0,1,0.6666666666666666,0.5330922067901234
233,R1528E,9.0,1.0,1,0.8333333333333333,0.42994653880070544
234,R1528E,1.0,,2,,
235,R1528E,2.0,,2,,
236,R1528E,3.0,,2,,
237,R1528E,4.0,,2,,
238,R1528E,5.0,,2,,
239,R1528E,6.0,,2,,
240,R1528E,7.0,,2,,
241,R1528E,8.0,,2,,
242,R1528E,9.0,,2,,
243,R1528E,1.0,,3,,
244,R1528E,2.0,,3,,
245,R1528E,3.0,,3,,
246,R1528E,4.0,,3,,
247,R1528E,5.0,,3,,
248,R1528E,6.0,,3,,
249,R1528E,7.0,,3,,
250,R1528E,8.0,,3,,
251,R1528E,9.0,,3,,
252,R1528E,1.0,,4,,
253,R1528E,2.0,,4,,
254,R1528E,3.0,,4,,
255,R1528E,4.0,,4,,
256,R1528E,5.0,,4,,
257,R1528E,6.0,,4,,
258,R1528E,7.0,,4,,
259,R1528E,8.0,,4,,
260,R1528E,9.0,,4,,
261,R1528E,1.0,,5,,
262,R1528E,2.0,,5,,
263,R1528E,3.0,,5,,
264,R1528E,4.0,,5,,
265,R1528E,5.0,,5,,
266,R1528E,6.0,,5,,
267,R1528E,7.0,,5,,
268,R1528E,8.0,,5,,
269,R1528E,9.0,,5,,
270,R1531T,1.0,1.0,0,0.0,0.2291409465020576
271,R1531T,2.0,1.0,0,0.0,0.06599794238683127
272,R1531T,3.0,1.0,0,0.0,-0.06484053497942387
273,R1531T,4.0,1.0,0,0.0,-0.06854423868312758
274,R1531T,5.0,1.0,0,0.0,-0.13670267489711935
275,R1531T,6.0,1.0,0,0.0,-0.0675025720164609
276,R1531T,7.0,1.0,0,0.0,0.13371913580246914
277,R1531T,8.0,1.0,0,0.0,0.022675540123456767
278,R1531T,9.0,1.0,0,0.0,0.1382798721340388
279,R1531T,1.0,1.0,1,0.0,0.2291409465020576
280,R1531T,2.0,1.0,1,0.08333333333333333,0.14933127572016458
281,R1531T,3.0,1.0,1,0.25,0.18515946502057612
282,R1531T,4.0,1.0,1,0.3333333333333333,0.2647890946502057
283,R1531T,5.0,1.0,1,0.4444444444444444,0.3077417695473251
284,R1531T,6.0,1.0,1,0.3333333333333333,0.26583076131687244
285,R1531T,7.0,1.0,1,0.0,0.13371913580246914
286,R1531T,8.0,1.0,1,0.4375,0.46017554012345674
287,R1531T,9.0,1.0,1,0.625,0.7632798721340388
288,R1531T,1.0,,2,,
289,R1531T,2.0,,2,,
290,R1531T,3.0,,2,,
291,R1531T,4.0,,2,,
292,R1531T,5.0,,2,,
293,R1531T,6.0,,2,,
294,R1531T,7.0,,2,,
295,R1531T,8.0,,2,,
296,R1531T,9.0,,2,,
297,R1531T,1.0,,3,,
298,R1531T,2.0,,3,,
299,R1531T,3.0,,3,,
300,R1531T,4.0,,3,,
301,R1531T,5.0,,3,,
302,R1531T,6.0,,3,,
303,R1531T,7.0,,3,,
304,R1531T,8.0,,3,,
305,R1531T,9.0,,3,,
306,R1531T,1.0,,4,,
307,R1531T,2.0,,4,,
308,R1531T,3.0,,4,,
309,R1531T,4.0,,4,,
310,R1531T,5.0,,4,,
311,R1531T,6.0,,4,,
312,R1531T,7.0,,4,,
313,R1531T,8.0,,4,,
314,R1531T,9.0,,4,,
315,R1531T,1.0,,5,,
316,R1531T,2.0,,5,,
317,R1531T,3.0,,5,,
318,R1531T,4.0,,5,,
319,R1531T,5.0,,5,,
320,R1531T,6.0,,5,,
321,R1531T,7.0,,5,,
322,R1531T,8.0,,5,,
323,R1531T,9.0,,5,,
324,R1534D,1.0,1.0,0,0.05555555555555555,0.2291409465020576
325,R1534D,2.0,1.0,0,0.4375,0.10766460905349795
326,R1534D,3.0,1.0,0,0.05555555555555555,0.06015946502057613
327,R1534D,4.0,1.0,0,0.0,0.09812242798353908
328,R1534D,5.0,1.0,0,0.0,0.08551954732510286
329,R1534D,6.0,1.0,0,0.0,0.09916409465020576
330,R1534D,7.0,1.0,0,0.0,0.13371913580246914
331,R1534D,8.0,1.0,0,0.8333333333333333,0.24142554012345674
332,R1534D,9.0,1.0,0,0.0,0.4507798721340388
333,R1534D,1.0,,1,,
334,R1534D,2.0,,1,,
335,R1534D,3.0,,1,,
336,R1534D,4.0,,1,,
337,R1534D,5.0,,1,,
338,R1534D,6.0,,1,,
339,R1534D,7.0,,1,,
340,R1534D,8.0,,1,,
341,R1534D,9.0,,1,,
342,R1534D,1.0,,2,,
343,R1534D,2.0,,2,,
344,R1534D,3.0,,2,,
345,R1534D,4.0,,2,,
346,R1534D,5.0,,2,,
347,R1534D,6.0,,2,,
348,R1534D,7.0,,2,,
349,R1534D,8.0,,2,,
350,R1534D,9.0,,2,,
351,R1534D,1.0,,3,,
352,R1534D,2.0,,3,,
353,R1534D,3.0,,3,,
354,R1534D,4.0,,3,,
355,R1534D,5.0,,3,,
356,R1534D,6.0,,3,,
357,R1534D,7.0,,3,,
358,R1534D,8.0,,3,,
359,R1534D,9.0,,3,,
360,R1534D,1.0,,4,,
361,R1534D,2.0,,4,,
362,R1534D,3.0,,4,,
363,R1534D,4.0,,4,,
364,R1534D,5.0,,4,,
365,R1534D,6.0,,4,,
366,R1534D,7.0,,4,,
367,R1534D,8.0,,4,,
368,R1534D,9.0,,4,,
369,R1534D,1.0,,5,,
370,R1534D,2.0,,5,,
371,R1534D,3.0,,5,,
372,R1534D,4.0,,5,,
373,R1534D,5.0,,5,,
374,R1534D,6.0,,5,,
375,R1534D,7.0,,5,,
376,R1534D,8.0,,5,,
377,R1534D,9.0,,5,,
378,R1547D,1.0,1.0,0,0.5,0.22914094650205763
379,R1547D,2.0,1.0,0,0.25,0.10766460905349795
380,R1547D,3.0,1.0,0,0.0,0.06015946502057613
381,R1547D,4.0,1.0,0,0.0,0.09812242798353908
382,R1547D,5.0,1.0,0,0.0,0.08551954732510286
383,R1547D,6.0,1.0,0,0.08333333333333333,0.09916409465020576
384,R1547D,7.0,1.0,0,0.5,0.13371913580246914
385,R1547D,8.0,1.0,0,0.175,0.24142554012345677
386,R1547D,9.0,1.0,0,0.25,0.4507798721340388
387,R1547D,1.0,,1,,
388,R1547D,2.0,,1,,
389,R1547D,3.0,,1,,
390,R1547D,4.0,,1,,
391,R1547D,5.0,,1,,
392,R1547D,6.0,,1,,
393,R1547D,7.0,,1,,
394,R1547D,8.0,,1,,
395,R1547D,9.0,,1,,
396,R1547D,1.0,,2,,
397,R1547D,2.0,,2,,
398,R1547D,3.0,,2,,
399,R1547D,4.0,,2,,
400,R1547D,5.0,,2,,
401,R1547D,6.0,,2,,
402,R1547D,7.0,,2,,
403,R1547D,8.0,,2,,
404,R1547D,9.0,,2,,
405,R1547D,1.0,,3,,
406,R1547D,2.0,,3,,
407,R1547D,3.0,,3,,
408,R1547D,4.0,,3,,
409,R1547D,5.0,,3,,
410,R1547D,6.0,,3,,
411,R1547D,7.0,,3,,
412,R1547D,8.0,,3,,
413,R1547D,9.0,,3,,
414,R1547D,1.0,,4,,
415,R1547D,2.0,,4,,
416,R1547D,3.0,,4,,
417,R1547D,4.0,,4,,
418,R1547D,5.0,,4,,
419,R1547D,6.0,,4,,
420,R1547D,7.0,,4,,
421,R1547D,8.0,,4,,
422,R1547D,9.0,,4,,
423,R1547D,1.0,,5,,
424,R1547D,2.0,,5,,
425,R1547D,3.0,,5,,
426,R1547D,4.0,,5,,
427,R1547D,5.0,,5,,
428,R1547D,6.0,,5,,
429,R1547D,7.0,,5,,
430,R1547D,8.0,,5,,
431,R1547D,9.0,,5,,
432,R1556J,1.0,1.0,0,0.08333333333333333,0.043955761316872385
433,R1556J,2.0,1.0,0,0.0,0.10766460905349794
434,R1556J,3.0,1.0,0,0.0,0.06015946502057613
435,R1556J,4.0,1.0,0,0.0,0.014789094650205753
436,R1556J,5.0,1.0,0,0.16666666666666666,0.19663065843621397
437,R1556J,6.0,1.0,0,0.1,0.11027520576131687
438,R1556J,7.0,1.0,0,0.0,-0.1440586419753086
439,R1556J,8.0,1.0,0,0.41666666666666663,0.4442033179012345
440,R1556J,9.0,1.0,0,0.0,0.22300209435626103
441,R1556J,1.0,1.0,1,0.2222222222222222,0.18284465020576127
442,R1556J,2.0,1.0,1,0.0,0.10766460905349794
443,R1556J,3.0,1.0,1,0.0,0.06015946502057613
444,R1556J,4.0,1.0,1,0.25,0.2647890946502057
445,R1556J,5.0,1.0,1,0.0,0.02996399176954731
446,R1556J,6.0,1.0,1,0.0,0.010275205761316866
447,R1556J,7.0,1.0,1,0.0,-0.1440586419753086
448,R1556J,8.0,1.0,1,0.0,0.027536651234567888
449,R1556J,9.0,1.0,1,0.35,0.573002094356261
450,R1556J,1.0,1.0,2,0.5,0.46062242798353903
451,R1556J,2.0,1.0,2,0.0,0.10766460905349794
452,R1556J,3.0,1.0,2,0.0,0.06015946502057613
453,R1556J,4.0,1.0,2,0.0,0.014789094650205753
454,R1556J,5.0,1.0,2,0.0,0.02996399176954731
455,R1556J,6.0,1.0,2,0.16666666666666666,0.17694187242798354
456,R1556J,7.0,1.0,2,0.8333333333333333,0.6892746913580247
457,R1556J,8.0,1.0,2,0.225,0.2525366512345679
458,R1556J,9.0,1.0,2,0.3333333333333333,0.5563354276895943
459,R1556J,1.0,,3,,
460,R1556J,2.0,,3,,
461,R1556J,3.0,,3,,
462,R1556J,4.0,,3,,
463,R1556J,5.0,,3,,
464,R1556J,6.0,,3,,
465,R1556J,7.0,,3,,
466,R1556J,8.0,,3,,
467,R1556J,9.0,,3,,
468,R1556J,1.0,,4,,
469,R1556J,2.0,,4,,
470,R1556J,3.0,,4,,
471,R1556J,4.0,,4,,
472,R1556J,5.0,,4,,
473,R1556J,6.0,,4,,
474,R1556J,7.0,,4,,
475,R1556J,8.0,,4,,
476,R1556J,9.0,,4,,
477,R1556J,1.0,,5,,
478,R1556J,2.0,,5,,
479,R1556J,3.0,,5,,
480,R1556J,4.0,,5,,
481,R1556J,5.0,,5,,
482,R1556J,6.0,,5,,
483,R1556J,7.0,,5,,
484,R1556J,8.0,,5,,
485,R1556J,9.0,,5,,
486,R1564J,1.0,1.0,0,0.25,0.34025205761316873
487,R1564J,2.0,1.0,0,0.08333333333333333,0.12618312757201644
488,R1564J,3.0,1.0,0,0.0,0.06015946502057613
489,R1564J,4.0,1.0,0,0.125,0.1814557613168724
490,R1564J,5.0,1.0,0,0.0,0.04848251028806583
491,R1564J,6.0,1.0,0,0.0,0.09916409465020576
492,R1564J,7.0,1.0,0,0.0,0.09205246913580248
493,R1564J,8.0,1.0,0,0.25,0.2830922067901234
494,R1564J,9.0,1.0,0,0.5,0.5341132054673721
495,R1564J,1.0,1.0,1,0.16666666666666666,0.2569187242798354
496,R1564J,2.0,1.0,1,0.1111111111111111,0.15396090534979423
497,R1564J,3.0,1.0,1,0.0,0.06015946502057613
498,R1564J,4.0,1.0,1,0.0,0.05645576131687242
499,R1564J,5.0,1.0,1,0.0,0.04848251028806583
500,R1564J,6.0,1.0,1,0.0,0.09916409465020576
501,R1564J,7.0,1.0,1,0.125,0.21705246913580248
502,R1564J,8.0,1.0,1,0.20833333333333331,0.24142554012345674
503,R1564J,9.0,1.0,1,0.0,0.03411320546737212
504,R1564J,1.0,1.0,2,0.0,0.09025205761316873
505,R1564J,2.0,1.0,2,0.0,0.042849794238683125
506,R1564J,3.0,1.0,2,0.0,0.06015946502057613
507,R1564J,4.0,1.0,2,0.0,0.05645576131687242
508,R1564J,5.0,1.0,2,0.1111111111111111,0.15959362139917693
509,R1564J,6.0,1.0,2,0.0,0.09916409465020576
510,R1564J,7.0,1.0,2,0.0,0.09205246913580248
511,R1564J,8.0,1.0,2,0.16666666666666666,0.19975887345679008
512,R1564J,9.0,1.0,2,0.75,0.7841132054673721
513,R1564J,1.0,,3,,
514,R1564J,2.0,,3,,
515,R1564J,3.0,,3,,
516,R1564J,4.0,,3,,
517,R1564J,5.0,,3,,
518,R1564J,6.0,,3,,
519,R1564J,7.0,,3,,
520,R1564J,8.0,,3,,
521,R1564J,9.0,,3,,
522,R1564J,1.0,,4,,
523,R1564J,2.0,,4,,
524,R1564J,3.0,,4,,
525,R1564J,4.0,,4,,
526,R1564J,5.0,,4,,
527,R1564J,6.0,,4,,
528,R1564J,7.0,,4,,
529,R1564J,8.0,,4,,
530,R1564J,9.0,,4,,
531,R1564J,1.0,,5,,
532,R1564J,2.0,,5,,
533,R1564J,3.0,,5,,
534,R1564J,4.0,,5,,
535,R1564J,5.0,,5,,
536,R1564J,6.0,,5,,
537,R1564J,7.0,,5,,
538,R1564J,8.0,,5,,
539,R1564J,9.0,,5,,
540,R1566D,1.0,,0,,
541,R1566D,2.0,,0,,
542,R1566D,3.0,,0,,
543,R1566D,4.0,,0,,
544,R1566D,5.0,,0,,
545,R1566D,6.0,,0,,
546,R1566D,7.0,,0,,
547,R1566D,8.0,,0,,
548,R1566D,9.0,,0,,
549,R1566D,1.0,1.0,1,0.08333333333333333,0.20136316872427984
550,R1566D,2.0,1.0,1,0.08333333333333333,0.16322016460905348
551,R1566D,3.0,1.0,1,0.0,0.06015946502057613
552,R1566D,4.0,1.0,1,0.3333333333333333,0.29812242798353905
553,R1566D,5.0,1.0,1,0.0,0.08551954732510286
554,R1566D,6.0,1.0,1,0.0,0.09916409465020576
555,R1566D,7.0,1.0,1,0.0,0.05038580246913581
556,R1566D,8.0,1.0,1,0.38888888888888884,0.188184799382716
557,R1566D,9.0,1.0,1,0.8333333333333333,0.7424465388007054
558,R1566D,1.0,,2,,
559,R1566D,2.0,,2,,
560,R1566D,3.0,,2,,
561,R1566D,4.0,,2,,
562,R1566D,5.0,,2,,
563,R1566D,6.0,,2,,
564,R1566D,7.0,,2,,
565,R1566D,8.0,,2,,
566,R1566D,9.0,,2,,
567,R1566D,1.0,1.0,3,0.25,0.36802983539094647
568,R1566D,2.0,1.0,3,0.0,0.07988683127572016
569,R1566D,3.0,1.0,3,0.0,0.06015946502057613
570,R1566D,4.0,1.0,3,0.06666666666666667,0.031455761316872416
571,R1566D,5.0,1.0,3,0.0,0.08551954732510286
572,R1566D,6.0,1.0,3,0.0,0.09916409465020576
573,R1566D,7.0,1.0,3,0.25,0.3003858024691358
574,R1566D,8.0,1.0,3,0.75,0.5492959104938272
575,R1566D,9.0,1.0,3,0.16666666666666666,0.07577987213403883
576,R1566D,1.0,1.0,4,0.0,0.1180298353909465
577,R1566D,2.0,1.0,4,0.0,0.07988683127572016
578,R1566D,3.0,1.0,4,0.0,0.06015946502057613
579,R1566D,4.0,1.0,4,0.0,-0.03521090534979425
580,R1566D,5.0,1.0,4,0.0,0.08551954732510286
581,R1566D,6.0,1.0,4,0.0,0.09916409465020576
582,R1566D,7.0,1.0,4,0.0,0.05038580246913581
583,R1566D,8.0,1.0,4,0.1875,-0.013204089506172828
584,R1566D,9.0,1.0,4,0.625,0.5341132054673722
585,R1566D,1.0,,5,,
586,R1566D,2.0,,5,,
587,R1566D,3.0,,5,,
588,R1566D,4.0,,5,,
589,R1566D,5.0,,5,,
590,R1566D,6.0,,5,,
591,R1566D,7.0,,5,,
592,R1566D,8.0,,5,,
593,R1566D,9.0,,5,,
594,R1568E,1.0,1.0,0,0.2333333333333333,-0.15419238683127576
595,R1568E,2.0,1.0,0,0.0,-0.017335390946502063
596,R1568E,3.0,1.0,0,0.0,0.06015946502057613
597,R1568E,4.0,1.0,0,0.0,0.09812242798353908
598,R1568E,5.0,1.0,0,0.0,0.08551954732510286
599,R1568E,6.0,1.0,0,0.16666666666666666,0.18249742798353907
600,R1568E,7.0,1.0,0,0.0,0.13371913580246914
601,R1568E,8.0,1.0,0,0.0,0.24142554012345677
602,R1568E,9.0,1.0,0,0.25,0.0757798721340388
603,R1568E,1.0,1.0,1,1.0,0.6124742798353909
604,R1568E,2.0,1.0,1,0.25,0.23266460905349795
605,R1568E,3.0,1.0,1,0.0,0.06015946502057613
606,R1568E,4.0,1.0,1,0.0,0.09812242798353908
607,R1568E,5.0,1.0,1,0.0,0.08551954732510286
608,R1568E,6.0,1.0,1,0.0,0.01583076131687243
609,R1568E,7.0,1.0,1,0.0,0.13371913580246914
610,R1568E,8.0,1.0,1,0.0,0.24142554012345677
611,R1568E,9.0,1.0,1,1.0,0.8257798721340388
612,R1568E,1.0,,2,,
613,R1568E,2.0,,2,,
614,R1568E,3.0,,2,,
615,R1568E,4.0,,2,,
616,R1568E,5.0,,2,,
617,R1568E,6.0,,2,,
618,R1568E,7.0,,2,,
619,R1568E,8.0,,2,,
620,R1568E,9.0,,2,,
621,R1568E,1.0,,3,,
622,R1568E,2.0,,3,,
623,R1568E,3.0,,3,,
624,R1568E,4.0,,3,,
625,R1568E,5.0,,3,,
626,R1568E,6.0,,3,,
627,R1568E,7.0,,3,,
628,R1568E,8.0,,3,,
629,R1568E,9.0,,3,,
630,R1568E,1.0,,4,,
631,R1568E,2.0,,4,,
632,R1568E,3.0,,4,,
633,R1568E,4.0,,4,,
634,R1568E,5.0,,4,,
635,R1568E,6.0,,4,,
636,R1568E,7.0,,4,,
637,R1568E,8.0,,4,,
638,R1568E,9.0,,4,,
639,R1568E,1.0,,5,,
640,R1568E,2.0,,5,,
641,R1568E,3.0,,5,,
642,R1568E,4.0,,5,,
643,R1568E,5.0,,5,,
644,R1568E,6.0,,5,,
645,R1568E,7.0,,5,,
646,R1568E,8.0,,5,,
647,R1568E,9.0,,5,,
648,R1579T,1.0,1.0,0,0.2888888888888889,0.37358539094650206
649,R1579T,2.0,1.0,0,0.0,0.10766460905349794
650,R1579T,3.0,1.0,0,0.16666666666666666,0.14349279835390946
651,R1579T,4.0,1.0,0,0.0,0.09812242798353908
652,R1579T,5.0,1.0,0,0.16666666666666666,0.08551954732510286
653,R1579T,6.0,1.0,0,0.25,0.22416409465020576
654,R1579T,7.0,1.0,0,0.5,0.2170524691358025
655,R1579T,8.0,1.0,0,0.3333333333333333,0.24142554012345677
656,R1579T,9.0,1.0,0,0.5,0.6174465388007055
657,R1579T,1.0,1.0,1,0.0,0.08469650205761314
658,R1579T,2.0,1.0,1,0.0,0.10766460905349794
659,R1579T,3.0,1.0,1,0.0,-0.023173868312757195
660,R1579T,4.0,1.0,1,0.0,0.09812242798353908
661,R1579T,5.0,1.0,1,0.16666666666666666,0.08551954732510286
662,R1579T,6.0,1.0,1,0.0,-0.02583590534979424
663,R1579T,7.0,1.0,1,0.3333333333333333,0.05038580246913582
664,R1579T,8.0,1.0,1,0.3333333333333333,0.24142554012345677
665,R1579T,9.0,1.0,1,0.16666666666666666,0.2841132054673722
666,R1579T,1.0,,2,,
667,R1579T,2.0,,2,,
668,R1579T,3.0,,2,,
669,R1579T,4.0,,2,,
670,R1579T,5.0,,2,,
671,R1579T,6.0,,2,,
672,R1579T,7.0,,2,,
673,R1579T,8.0,,2,,
674,R1579T,9.0,,2,,
675,R1579T,1.0,,3,,
676,R1579T,2.0,,3,,
677,R1579T,3.0,,3,,
678,R1579T,4.0,,3,,
679,R1579T,5.0,,3,,
680,R1579T,6.0,,3,,
681,R1579T,7.0,,3,,
682,R1579T,8.0,,3,,
683,R1579T,9.0,,3,,
684,R1579T,1.0,,4,,
685,R1579T,2.0,,4,,
686,R1579T,3.0,,4,,
687,R1579T,4.0,,4,,
688,R1579T,5.0,,4,,
689,R1579T,6.0,,4,,
690,R1579T,7.0,,4,,
691,R1579T,8.0,,4,,
692,R1579T,9.0,,4,,
693,R1579T,1.0,,5,,
694,R1579T,2.0,,5,,
695,R1579T,3.0,,5,,
696,R1579T,4.0,,5,,
697,R1579T,5.0,,5,,
698,R1579T,6.0,,5,,
699,R1579T,7.0,,5,,
700,R1579T,8.0,,5,,
701,R1579T,9.0,,5,,
702,R1582E,1.0,1.0,0,0.25,0.2439557613168724
703,R1582E,2.0,1.0,0,0.20833333333333331,0.14099794238683122
704,R1582E,3.0,1.0,0,0.0,-0.02872942386831276
705,R1582E,4.0,1.0,0,0.0,0.09812242798353908
706,R1582E,5.0,1.0,0,0.125,0.14107510288065844
707,R1582E,6.0,1.0,0,0.0,0.062127057613168724
708,R1582E,7.0,1.0,0,0.25,0.3003858024691358
709,R1582E,8.0,1.0,0,0.375,0.25762924382716046
710,R1582E,9.0,1.0,0,0.875,0.4091132054673722
711,R1582E,1.0,1.0,1,0.16666666666666666,0.16062242798353907
712,R1582E,2.0,1.0,1,0.25,0.1826646090534979
713,R1582E,3.0,1.0,1,0.1,0.07127057613168725
714,R1582E,4.0,1.0,1,0.0,0.09812242798353908
715,R1582E,5.0,1.0,1,0.08333333333333333,0.09940843621399176
716,R1582E,6.0,1.0,1,0.0,0.062127057613168724
717,R1582E,7.0,1.0,1,0.0,0.05038580246913581
718,R1582E,8.0,1.0,1,0.14583333333333331,0.0284625771604938
719,R1582E,9.0,1.0,1,1.0,0.5341132054673722
720,R1582E,1.0,1.0,2,0.2888888888888889,0.2828446502057613
721,R1582E,2.0,1.0,2,0.06666666666666667,-0.0006687242798354143
722,R1582E,3.0,1.0,2,0.16666666666666666,0.1379372427983539
723,R1582E,4.0,1.0,2,0.0,0.09812242798353908
724,R1582E,5.0,1.0,2,0.0,0.01607510288065843
725,R1582E,6.0,1.0,2,0.1111111111111111,0.17323816872427983
726,R1582E,7.0,1.0,2,0.0,0.05038580246913581
727,R1582E,8.0,1.0,2,0.5555555555555555,0.43818479938271593
728,R1582E,9.0,1.0,2,0.875,0.4091132054673722
729,R1582E,1.0,,3,,
730,R1582E,2.0,,3,,
731,R1582E,3.0,,3,,
732,R1582E,4.0,,3,,
733,R1582E,5.0,,3,,
734,R1582E,6.0,,3,,
735,R1582E,7.0,,3,,
736,R1582E,8.0,,3,,
737,R1582E,9.0,,3,,
738,R1582E,1.0,,4,,
739,R1582E,2.0,,4,,
740,R1582E,3.0,,4,,
741,R1582E,4.0,,4,,
742,R1582E,5.0,,4,,
743,R1582E,6.0,,4,,
744,R1582E,7.0,,4,,
745,R1582E,8.0,,4,,
746,R1582E,9.0,,4,,
747,R1582E,1.0,,5,,
748,R1582E,2.0,,5,,
749,R1582E,3.0,,5,,
750,R1582E,4.0,,5,,
751,R1582E,5.0,,5,,
752,R1582E,6.0,,5,,
753,R1582E,7.0,,5,,
754,R1582E,8.0,,5,,
755,R1582E,9.0,,5,,
756,R1584J,1.0,1.0,0,0.0,0.16895576131687243
757,R1584J,2.0,1.0,0,0.0,0.04516460905349794
758,R1584J,3.0,1.0,0,0.0,0.041640946502057616
759,R1584J,4.0,1.0,0,0.0,0.05645576131687242
760,R1584J,5.0,1.0,0,0.16666666666666666,0.18274176954732507
761,R1584J,6.0,1.0,0,0.0,-0.03416923868312757
762,R1584J,7.0,1.0,0,0.25,0.24483024691358027
763,R1584J,8.0,1.0,0,0.0,0.12684220679012342
764,R1584J,9.0,1.0,0,0.65,0.6174465388007055
765,R1584J,1.0,1.0,1,0.0,0.16895576131687243
766,R1584J,2.0,1.0,1,0.0,0.04516460905349794
767,R1584J,3.0,1.0,1,0.0,0.041640946502057616
768,R1584J,4.0,1.0,1,0.0,0.05645576131687242
769,R1584J,5.0,1.0,1,0.0,0.01607510288065843
770,R1584J,6.0,1.0,1,0.2222222222222222,0.18805298353909464
771,R1584J,7.0,1.0,1,0.0,-0.005169753086419732
772,R1584J,8.0,1.0,1,0.25,0.3768422067901234
773,R1584J,9.0,1.0,1,0.5,0.46744653880070547
774,R1584J,1.0,1.0,2,0.1111111111111111,0.28006687242798356
775,R1584J,2.0,1.0,2,0.0,0.04516460905349794
776,R1584J,3.0,1.0,2,0.0,0.041640946502057616
777,R1584J,4.0,1.0,2,0.0,0.05645576131687242
778,R1584J,5.0,1.0,2,0.0,0.01607510288065843
779,R1584J,6.0,1.0,2,0.16666666666666666,0.13249742798353908
780,R1584J,7.0,1.0,2,0.0,-0.005169753086419732
781,R1584J,8.0,1.0,2,0.1875,0.3143422067901234
782,R1584J,9.0,1.0,2,0.6666666666666666,0.6341132054673722
783,R1584J,1.0,1.0,3,0.08333333333333333,0.25228909465020577
784,R1584J,2.0,1.0,3,0.375,0.42016460905349795
785,R1584J,3.0,1.0,3,0.1111111111111111,0.15275205761316873
786,R1584J,4.0,1.0,3,0.0,0.05645576131687242
787,R1584J,5.0,1.0,3,0.16666666666666666,0.18274176954732507
788,R1584J,6.0,1.0,3,0.0,-0.03416923868312757
789,R1584J,7.0,1.0,3,0.3333333333333333,0.3281635802469136
790,R1584J,8.0,1.0,3,0.16666666666666666,0.2935088734567901
791,R1584J,9.0,1.0,3,0.0,-0.03255346119929453
792,R1584J,1.0,1.0,4,0.0,0.16895576131687243
793,R1584J,2.0,1.0,4,0.0,0.04516460905349794
794,R1584J,3.0,1.0,4,0.0,0.041640946502057616
795,R1584J,4.0,1.0,4,0.25,0.3064557613168724
796,R1584J,5.0,1.0,4,0.0,0.01607510288065843
797,R1584J,6.0,1.0,4,0.16666666666666666,0.13249742798353908
798,R1584J,7.0,1.0,4,0.0,-0.005169753086419732
799,R1584J,8.0,1.0,4,0.08333333333333333,0.21017554012345674
800,R1584J,9.0,1.0,4,0.3333333333333333,0.3007798721340388
801,R1584J,1.0,1.0,5,0.16666666666666666,0.3356224279835391
802,R1584J,2.0,1.0,5,0.0,0.04516460905349794
803,R1584J,3.0,1.0,5,0.0,0.041640946502057616
804,R1584J,4.0,1.0,5,0.0,0.05645576131687242
805,R1584J,5.0,1.0,5,0.08333333333333333,0.09940843621399176
806,R1584J,6.0,1.0,5,0.24444444444444446,0.2102752057613169
807,R1584J,7.0,1.0,5,0.25,0.24483024691358027
808,R1584J,8.0,1.0,5,0.0,0.12684220679012342
809,R1584J,9.0,1.0,5,0.75,0.7174465388007054
810,R1586T,1.0,1.0,0,0.27777777777777773,0.2291409465020576
811,R1586T,2.0,1.0,0,0.0,0.10766460905349794
812,R1586T,3.0,1.0,0,0.0,0.06015946502057613
813,R1586T,4.0,1.0,0,0.0,0.09812242798353908
814,R1586T,5.0,1.0,0,0.0,0.08551954732510286
815,R1586T,6.0,1.0,0,0.0,0.09916409465020576
816,R1586T,7.0,1.0,0,0.0,0.13371913580246914
817,R1586T,8.0,1.0,0,0.0,0.24142554012345677
818,R1586T,9.0,1.0,0,0.16666666666666666,0.4507798721340388
819,R1586T,1.0,,1,,
820,R1586T,2.0,,1,,
821,R1586T,3.0,,1,,
822,R1586T,4.0,,1,,
823,R1586T,5.0,,1,,
824,R1586T,6.0,,1,,
825,R1586T,7.0,,1,,
826,R1586T,8.0,,1,,
827,R1586T,9.0,,1,,
828,R1586T,1.0,,2,,
829,R1586T,2.0,,2,,
830,R1586T,3.0,,2,,
831,R1586T,4.0,,2,,
832,R1586T,5.0,,2,,
833,R1586T,6.0,,2,,
834,R1586T,7.0,,2,,
835,R1586T,8.0,,2,,
836,R1586T,9.0,,2,,
837,R1586T,1.0,,3,,
838,R1586T,2.0,,3,,
839,R1586T,3.0,,3,,
840,R1586T,4.0,,3,,
841,R1586T,5.0,,3,,
842,R1586T,6.0,,3,,
843,R1586T,7.0,,3,,
844,R1586T,8.0,,3,,
845,R1586T,9.0,,3,,
846,R1586T,1.0,,4,,
847,R1586T,2.0,,4,,
848,R1586T,3.0,,4,,
849,R1586T,4.0,,4,,
850,R1586T,5.0,,4,,
851,R1586T,6.0,,4,,
852,R1586T,7.0,,4,,
853,R1586T,8.0,,4,,
854,R1586T,9.0,,4,,
855,R1586T,1.0,,5,,
856,R1586T,2.0,,5,,
857,R1586T,3.0,,5,,
858,R1586T,4.0,,5,,
859,R1586T,5.0,,5,,
860,R1586T,6.0,,5,,
861,R1586T,7.0,,5,,
862,R1586T,8.0,,5,,
863,R1586T,9.0,,5,,
864,R1587J,1.0,,0,,
865,R1587J,2.0,,0,,
866,R1587J,3.0,,0,,
867,R1587J,4.0,,0,,
868,R1587J,5.0,,0,,
869,R1587J,6.0,,0,,
870,R1587J,7.0,,0,,
871,R1587J,8.0,,0,,
872,R1587J,9.0,,0,,
873,R1587J,1.0,1.0,1,0.0,0.2291409465020576
874,R1587J,2.0,1.0,1,0.0,0.10766460905349794
875,R1587J,3.0,1.0,1,0.0,0.06015946502057613
876,R1587J,4.0,1.0,1,0.0,0.09812242798353908
877,R1587J,5.0,1.0,1,0.0,0.06329732510288064
878,R1587J,6.0,1.0,1,0.0,0.043608539094650206
879,R1587J,7.0,1.0,1,0.0,0.13371913580246914
880,R1587J,8.0,1.0,1,0.125,0.2969810956790123
881,R1587J,9.0,1.0,1,0.3333333333333333,0.3952243165784833
882,R1587J,1.0,1.0,2,0.0,0.2291409465020576
883,R1587J,2.0,1.0,2,0.0,0.10766460905349794
884,R1587J,3.0,1.0,2,0.0,0.06015946502057613
885,R1587J,4.0,1.0,2,0.0,0.09812242798353908
886,R1587J,5.0,1.0,2,0.06666666666666667,0.12996399176954732
887,R1587J,6.0,1.0,2,0.16666666666666666,0.21027520576131686
888,R1587J,7.0,1.0,2,0.0,0.13371913580246914
889,R1587J,8.0,1.0,2,0.0,0.17198109567901232
890,R1587J,9.0,1.0,2,0.8333333333333333,0.8952243165784832
891,R1587J,1.0,1.0,3,0.0,0.2291409465020576
892,R1587J,2.0,1.0,3,0.0,0.10766460905349794
893,R1587J,3.0,1.0,3,0.0,0.06015946502057613
894,R1587J,4.0,1.0,3,0.0,0.09812242798353908
895,R1587J,5.0,1.0,3,0.0,0.06329732510288064
896,R1587J,6.0,1.0,3,0.0,0.043608539094650206
897,R1587J,7.0,1.0,3,0.0,0.13371913580246914
898,R1587J,8.0,1.0,3,0.08333333333333333,0.25531442901234563
899,R1587J,9.0,1.0,3,0.0,0.061890983245149966
900,R1587J,1.0,,4,,
901,R1587J,2.0,,4,,
902,R1587J,3.0,,4,,
903,R1587J,4.0,,4,,
904,R1587J,5.0,,4,,
905,R1587J,6.0,,4,,
906,R1587J,7.0,,4,,
907,R1587J,8.0,,4,,
908,R1587J,9.0,,4,,
909,R1587J,1.0,,5,,
910,R1587J,2.0,,5,,
911,R1587J,3.0,,5,,
912,R1587J,4.0,,5,,
913,R1587J,5.0,,5,,
914,R1587J,6.0,,5,,
915,R1587J,7.0,,5,,
916,R1587J,8.0,,5,,
917,R1587J,9.0,,5,,
918,R1589T,1.0,1.0,0,0.0,0.2291409465020576
919,R1589T,2.0,1.0,0,0.17777777777777778,0.22537294238683128
920,R1589T,3.0,1.0,0,0.0,0.06015946502057613
921,R1589T,4.0,1.0,0,0.0,0.05645576131687242
922,R1589T,5.0,1.0,0,0.0,-0.018647119341563795
923,R1589T,6.0,1.0,0,0.3333333333333333,0.32833076131687244
924,R1589T,7.0,1.0,0,0.0,0.13371913580246914
925,R1589T,8.0,1.0,0,0.16666666666666666,0.2830922067901234
926,R1589T,9.0,1.0,0,0.7,0.5757798721340388
927,R1589T,1.0,1.0,1,0.0,0.2291409465020576
928,R1589T,2.0,1.0,1,0.0625,0.1100951646090535
929,R1589T,3.0,1.0,1,0.0,0.06015946502057613
930,R1589T,4.0,1.0,1,0.0,0.05645576131687242
931,R1589T,5.0,1.0,1,0.08333333333333333,0.06468621399176953
932,R1589T,6.0,1.0,1,0.08333333333333333,0.07833076131687243
933,R1589T,7.0,1.0,1,0.0,0.13371913580246914
934,R1589T,8.0,1.0,1,0.125,0.24142554012345677
935,R1589T,9.0,1.0,1,1.0,0.8757798721340389
936,R1589T,1.0,1.0,2,0.0,0.2291409465020576
937,R1589T,2.0,1.0,2,0.0,0.04759516460905349
938,R1589T,3.0,1.0,2,0.0,0.06015946502057613
939,R1589T,4.0,1.0,2,0.16666666666666666,0.22312242798353907
940,R1589T,5.0,1.0,2,0.0,-0.018647119341563795
941,R1589T,6.0,1.0,2,0.0,-0.005002572016460899
942,R1589T,7.0,,2,,
943,R1589T,8.0,1.0,2,0.0,0.11642554012345677
944,R1589T,9.0,1.0,2,0.5,0.37577987213403885
945,R1589T,1.0,1.0,3,0.0,0.2291409465020576
946,R1589T,2.0,1.0,3,0.0,0.04759516460905349
947,R1589T,3.0,1.0,3,0.0,0.06015946502057613
948,R1589T,4.0,1.0,3,0.0,0.05645576131687242
949,R1589T,5.0,1.0,3,0.3333333333333333,0.31468621399176955
950,R1589T,6.0,1.0,3,0.0,-0.005002572016460899
951,R1589T,7.0,1.0,3,0.0,0.13371913580246914
952,R1589T,8.0,1.0,3,0.20833333333333331,0.3247588734567901
953,R1589T,9.0,1.0,3,0.1,-0.024220127865961144
954,R1589T,1.0,,4,,
955,R1589T,2.0,,4,,
956,R1589T,3.0,,4,,
957,R1589T,4.0,,4,,
958,R1589T,5.0,,4,,
959,R1589T,6.0,,4,,
960,R1589T,7.0,,4,,
961,R1589T,8.0,,4,,
962,R1589T,9.0,,4,,
963,R1589T,1.0,,5,,
964,R1589T,2.0,,5,,
965,R1589T,3.0,,5,,
966,R1589T,4.0,,5,,
967,R1589T,5.0,,5,,
968,R1589T,6.0,,5,,
969,R1589T,7.0,,5,,
970,R1589T,8.0,,5,,
971,R1589T,9.0,,5,,
972,R1590T,1.0,1.0,0,0.4444444444444444,0.09302983539094656
973,R1590T,2.0,1.0,0,0.3333333333333333,-0.043377057613168735
974,R1590T,3.0,1.0,0,0.21666666666666667,0.13932613168724278
975,R1590T,4.0,1.0,0,0.25,0.14395576131687243
976,R1590T,5.0,1.0,0,0.0,0.0438528806584362
977,R1590T,6.0,1.0,0,0.0,0.01583076131687243
978,R1590T,7.0,1.0,0,0.5,0.3712191358024691
979,R1590T,8.0,1.0,0,0.4166666666666667,0.20496720679012345
980,R1590T,9.0,1.0,0,0.8333333333333333,0.8757798721340387
981,R1590T,1.0,1.0,1,0.6,0.24858539094650212
982,R1590T,2.0,1.0,1,0.4583333333333333,0.08162294238683127
983,R1590T,3.0,1.0,1,0.3333333333333333,0.2559927983539094
984,R1590T,4.0,1.0,1,0.16666666666666666,0.060622427983539076
985,R1590T,5.0,1.0,1,0.0,0.0438528806584362
986,R1590T,6.0,1.0,1,0.3333333333333333,0.34916409465020576
987,R1590T,7.0,1.0,1,0.25,0.12121913580246912
988,R1590T,8.0,1.0,1,1.0,0.7883005401234567
989,R1590T,9.0,1.0,1,0.8,0.8424465388007055
990,R1590T,1.0,1.0,2,0.6666666666666666,0.31525205761316877
991,R1590T,2.0,1.0,2,0.4583333333333333,0.08162294238683127
992,R1590T,3.0,1.0,2,0.0,-0.07734053497942388
993,R1590T,4.0,1.0,2,0.39999999999999997,0.2939557613168724
994,R1590T,5.0,1.0,2,0.16666666666666666,0.21051954732510286
995,R1590T,6.0,1.0,2,0.0,0.01583076131687243
996,R1590T,7.0,1.0,2,0.0,-0.12878086419753088
997,R1590T,8.0,1.0,2,0.3958333333333333,0.18413387345679008
998,R1590T,9.0,1.0,2,0.0,0.04244653880070548
999,R1590T,1.0,1.0,3,0.611111111111111,0.2596965020576132
1000,R1590T,2.0,1.0,3,0.6875,0.31078960905349795
1001,R1590T,3.0,1.0,3,0.0,-0.07734053497942388
1002,R1590T,4.0,1.0,3,0.0,-0.10604423868312758
1003,R1590T,5.0,1.0,3,0.0,0.0438528806584362
1004,R1590T,6.0,1.0,3,0.0,0.01583076131687243
1005,R1590T,7.0,1.0,3,0.3,0.1712191358024691
1006,R1590T,8.0,1.0,3,0.0,-0.21169945987654323
1007,R1590T,9.0,1.0,3,0.0,0.04244653880070548
1008,R1590T,1.0,,4,,
1009,R1590T,2.0,,4,,
1010,R1590T,3.0,,4,,
1011,R1590T,4.0,,4,,
1012,R1590T,5.0,,4,,
1013,R1590T,6.0,,4,,
1014,R1590T,7.0,,4,,
1015,R1590T,8.0,,4,,
1016,R1590T,9.0,,4,,
1017,R1590T,1.0,,5,,
1018,R1590T,2.0,,5,,
1019,R1590T,3.0,,5,,
1020,R1590T,4.0,,5,,
1021,R1590T,5.0,,5,,
1022,R1590T,6.0,,5,,
1023,R1590T,7.0,,5,,
1024,R1590T,8.0,,5,,
1025,R1590T,9.0,,5,,
1026,R1593D,1.0,1.0,0,0.0,0.20136316872427984
1027,R1593D,2.0,1.0,0,0.0,0.02780349794238683
1028,R1593D,3.0,1.0,0,0.0,-0.0023405349794238667
1029,R1593D,4.0,1.0,0,0.0,0.09812242798353908
1030,R1593D,5.0,1.0,0,0.0,-0.004758230452674914
1031,R1593D,6.0,1.0,0,0.16666666666666666,0.09916409465020579
1032,R1593D,7.0,1.0,0,0.16666666666666666,0.008719135802469108
1033,R1593D,8.0,1.0,0,0.47916666666666663,0.30045331790123453
1034,R1593D,9.0,1.0,0,0.75,0.4195298721340388
1035,R1593D,1.0,1.0,1,0.0,0.20136316872427984
1036,R1593D,2.0,1.0,1,0.20833333333333331,0.23613683127572016
1037,R1593D,3.0,1.0,1,0.0,-0.0023405349794238667
1038,R1593D,4.0,1.0,1,0.0,0.09812242798353908
1039,R1593D,5.0,1.0,1,0.25,0.24524176954732507
1040,R1593D,6.0,1.0,1,0.27777777777777773,0.21027520576131686
1041,R1593D,7.0,1.0,1,0.0,-0.15794753086419755
1042,R1593D,8.0,1.0,1,0.38888888888888884,0.2101755401234567
1043,R1593D,9.0,1.0,1,1.0,0.6695298721340388
1044,R1593D,1.0,,2,,
1045,R1593D,2.0,,2,,
1046,R1593D,3.0,,2,,
1047,R1593D,4.0,,2,,
1048,R1593D,5.0,,2,,
1049,R1593D,6.0,,2,,
1050,R1593D,7.0,,2,,
1051,R1593D,8.0,,2,,
1052,R1593D,9.0,,2,,
1053,R1593D,1.0,,3,,
1054,R1593D,2.0,,3,,
1055,R1593D,3.0,,3,,
1056,R1593D,4.0,,3,,
1057,R1593D,5.0,,3,,
1058,R1593D,6.0,,3,,
1059,R1593D,7.0,,3,,
1060,R1593D,8.0,,3,,
1061,R1593D,9.0,,3,,
1062,R1593D,1.0,1.0,4,0.0,0.20136316872427984
1063,R1593D,2.0,1.0,4,0.0,0.02780349794238683
1064,R1593D,3.0,1.0,4,0.0,-0.0023405349794238667
1065,R1593D,4.0,1.0,4,0.0,0.09812242798353908
1066,R1593D,5.0,1.0,4,0.0,-0.004758230452674914
1067,R1593D,6.0,1.0,4,0.1111111111111111,0.043608539094650234
1068,R1593D,7.0,1.0,4,1.0,0.8420524691358025
1069,R1593D,8.0,1.0,4,0.5833333333333334,0.40461998456790127
1070,R1593D,9.0,1.0,4,0.875,0.5445298721340388
1071,R1593D,1.0,1.0,5,0.1111111111111111,0.31247427983539094
1072,R1593D,2.0,1.0,5,0.1111111111111111,0.13891460905349795
1073,R1593D,3.0,1.0,5,0.25,0.24765946502057612
1074,R1593D,4.0,1.0,5,0.0,0.09812242798353908
1075,R1593D,5.0,1.0,5,0.1111111111111111,0.10635288065843619
1076,R1593D,6.0,1.0,5,0.1111111111111111,0.043608539094650234
1077,R1593D,7.0,1.0,5,0.0,-0.15794753086419755
1078,R1593D,8.0,1.0,5,0.22916666666666666,0.05045331790123453
1079,R1593D,9.0,1.0,5,0.5,0.1695298721340388
1080,R1594E,1.0,1.0,0,0.5,0.22914094650205763
1081,R1594E,2.0,1.0,0,0.0,0.10766460905349794
1082,R1594E,3.0,1.0,0,0.1111111111111111,0.06015946502057613
1083,R1594E,4.0,1.0,0,0.1111111111111111,0.09812242798353908
1084,R1594E,5.0,1.0,0,0.0,0.08551954732510286
1085,R1594E,6.0,1.0,0,0.0,0.09916409465020576
1086,R1594E,7.0,1.0,0,0.125,0.13371913580246914
1087,R1594E,8.0,1.0,0,0.3,0.24142554012345677
1088,R1594E,9.0,1.0,0,0.625,0.4507798721340388
1089,R1594E,1.0,,1,,
1090,R1594E,2.0,,1,,
1091,R1594E,3.0,,1,,
1092,R1594E,4.0,,1,,
1093,R1594E,5.0,,1,,
1094,R1594E,6.0,,1,,
1095,R1594E,7.0,,1,,
1096,R1594E,8.0,,1,,
1097,R1594E,9.0,,1,,
1098,R1594E,1.0,,2,,
1099,R1594E,2.0,,2,,
1100,R1594E,3.0,,2,,
1101,R1594E,4.0,,2,,
1102,R1594E,5.0,,2,,
1103,R1594E,6.0,,2,,
1104,R1594E,7.0,,2,,
1105,R1594E,8.0,,2,,
1106,R1594E,9.0,,2,,
1107,R1594E,1.0,,3,,
1108,R1594E,2.0,,3,,
1109,R1594E,3.0,,3,,
1110,R1594E,4.0,,3,,
1111,R1594E,5.0,,3,,
1112,R1594E,6.0,,3,,
1113,R1594E,7.0,,3,,
1114,R1594E,8.0,,3,,
1115,R1594E,9.0,,3,,
1116,R1594E,1.0,,4,,
1117,R1594E,2.0,,4,,
1118,R1594E,3.0,,4,,
1119,R1594E,4.0,,4,,
1120,R1594E,5.0,,4,,
1121,R1594E,6.0,,4,,
1122,R1594E,7.0,,4,,
1123,R1594E,8.0,,4,,
1124,R1594E,9.0,,4,,
1125,R1594E,1.0,,5,,
1126,R1594E,2.0,,5,,
1127,R1594E,3.0,,5,,
1128,R1594E,4.0,,5,,
1129,R1594E,5.0,,5,,
1130,R1594E,6.0,,5,,
1131,R1594E,7.0,,5,,
1132,R1594E,8.0,,5,,
1133,R1594E,9.0,,5,,
1134,R1596T,1.0,1.0,0,0.6,0.22914094650205763
1135,R1596T,2.0,1.0,0,0.08333333333333333,0.10766460905349794
1136,R1596T,3.0,1.0,0,0.0,0.06015946502057613
1137,R1596T,4.0,1.0,0,0.0,0.09812242798353908
1138,R1596T,5.0,1.0,0,0.0,0.08551954732510286
1139,R1596T,6.0,1.0,0,0.0,0.09916409465020576
1140,R1596T,7.0,1.0,0,0.0,0.13371913580246914
1141,R1596T,8.0,1.0,0,0.175,0.24142554012345677
1142,R1596T,9.0,1.0,0,0.5,0.4507798721340388
1143,R1596T,1.0,,1,,
1144,R1596T,2.0,,1,,
1145,R1596T,3.0,,1,,
1146,R1596T,4.0,,1,,
1147,R1596T,5.0,,1,,
1148,R1596T,6.0,,1,,
1149,R1596T,7.0,,1,,
1150,R1596T,8.0,,1,,
1151,R1596T,9.0,,1,,
1152,R1596T,1.0,,2,,
1153,R1596T,2.0,,2,,
1154,R1596T,3.0,,2,,
1155,R1596T,4.0,,2,,
1156,R1596T,5.0,,2,,
1157,R1596T,6.0,,2,,
1158,R1596T,7.0,,2,,
1159,R1596T,8.0,,2,,
1160,R1596T,9.0,,2,,
1161,R1596T,1.0,,3,,
1162,R1596T,2.0,,3,,
1163,R1596T,3.0,,3,,
1164,R1596T,4.0,,3,,
1165,R1596T,5.0,,3,,
1166,R1596T,6.0,,3,,
1167,R1596T,7.0,,3,,
1168,R1596T,8.0,,3,,
1169,R1596T,9.0,,3,,
1170,R1596T,1.0,,4,,
1171,R1596T,2.0,,4,,
1172,R1596T,3.0,,4,,
1173,R1596T,4.0,,4,,
1174,R1596T,5.0,,4,,
1175,R1596T,6.0,,4,,
1176,R1596T,7.0,,4,,
1177,R1596T,8.0,,4,,
1178,R1596T,9.0,,4,,
1179,R1596T,1.0,,5,,
1180,R1596T,2.0,,5,,
1181,R1596T,3.0,,5,,
1182,R1596T,4.0,,5,,
1183,R1596T,5.0,,5,,
1184,R1596T,6.0,,5,,
1185,R1596T,7.0,,5,,
1186,R1596T,8.0,,5,,
1187,R1596T,9.0,,5,,
1188,R1604J,1.0,1.0,0,0.5833333333333334,0.22914094650205763
1189,R1604J,2.0,1.0,0,0.06666666666666667,0.10766460905349794
1190,R1604J,3.0,1.0,0,0.0,0.06015946502057613
1191,R1604J,4.0,1.0,0,0.5,0.0981224279835391
1192,R1604J,5.0,1.0,0,0.0,0.08551954732510286
1193,R1604J,6.0,1.0,0,0.16666666666666666,0.09916409465020576
1194,R1604J,7.0,1.0,0,0.0,0.13371913580246914
1195,R1604J,8.0,1.0,0,0.25,0.24142554012345677
1196,R1604J,9.0,1.0,0,0.16666666666666666,0.4507798721340388
1197,R1604J,1.0,,1,,
1198,R1604J,2.0,,1,,
1199,R1604J,3.0,,1,,
1200,R1604J,4.0,,1,,
1201,R1604J,5.0,,1,,
1202,R1604J,6.0,,1,,
1203,R1604J,7.0,,1,,
1204,R1604J,8.0,,1,,
1205,R1604J,9.0,,1,,
1206,R1604J,1.0,,2,,
1207,R1604J,2.0,,2,,
1208,R1604J,3.0,,2,,
1209,R1604J,4.0,,2,,
1210,R1604J,5.0,,2,,
1211,R1604J,6.0,,2,,
1212,R1604J,7.0,,2,,
1213,R1604J,8.0,,2,,
1214,R1604J,9.0,,2,,
1215,R1604J,1.0,,3,,
1216,R1604J,2.0,,3,,
1217,R1604J,3.0,,3,,
1218,R1604J,4.0,,3,,
1219,R1604J,5.0,,3,,
1220,R1604J,6.0,,3,,
1221,R1604J,7.0,,3,,
1222,R1604J,8.0,,3,,
1223,R1604J,9.0,,3,,
1224,R1604J,1.0,,4,,
1225,R1604J,2.0,,4,,
1226,R1604J,3.0,,4,,
1227,R1604J,4.0,,4,,
1228,R1604J,5.0,,4,,
1229,R1604J,6.0,,4,,
1230,R1604J,7.0,,4,,
1231,R1604J,8.0,,4,,
1232,R1604J,9.0,,4,,
1233,R1604J,1.0,,5,,
1234,R1604J,2.0,,5,,
1235,R1604J,3.0,,5,,
1236,R1604J,4.0,,5,,
1237,R1604J,5.0,,5,,
1238,R1604J,6.0,,5,,
1239,R1604J,7.0,,5,,
1240,R1604J,8.0,,5,,
1241,R1604J,9.0,,5,,
1242,R1610D,1.0,1.0,0,0.15,0.14395576131687243
1243,R1610D,2.0,1.0,0,0.26666666666666666,0.13266460905349792
1244,R1610D,3.0,1.0,0,0.3333333333333333,0.08793724279835391
1245,R1610D,4.0,1.0,0,0.1111111111111111,0.04256687242798353
1246,R1610D,5.0,1.0,0,0.0,0.02996399176954731
1247,R1610D,6.0,1.0,0,0.0,0.012127057613168735
1248,R1610D,7.0,1.0,0,0.25,0.07816358024691361
1249,R1610D,8.0,1.0,0,0.3333333333333333,0.25068479938271604
1250,R1610D,9.0,1.0,0,0.5,0.47855764991181654
1251,R1610D,1.0,1.0,1,0.0,-0.006044238683127562
1252,R1610D,2.0,1.0,1,0.0,-0.13400205761316875
1253,R1610D,3.0,1.0,1,0.3333333333333333,0.08793724279835391
1254,R1610D,4.0,1.0,1,0.2222222222222222,0.15367798353909462
1255,R1610D,5.0,1.0,1,0.0,0.02996399176954731
1256,R1610D,6.0,1.0,1,0.19444444444444442,0.20657150205761315
1257,R1610D,7.0,1.0,1,0.6666666666666666,0.49483024691358024
1258,R1610D,8.0,1.0,1,0.38888888888888884,0.3062403549382716
1259,R1610D,9.0,1.0,1,0.75,0.7285576499118165
1260,R1610D,1.0,1.0,2,0.5555555555555555,0.5495113168724279
1261,R1610D,2.0,1.0,2,0.4583333333333333,0.32433127572016457
1262,R1610D,3.0,1.0,2,0.25,0.004603909465020595
1263,R1610D,4.0,1.0,2,0.16666666666666666,0.09812242798353908
1264,R1610D,5.0,1.0,2,0.16666666666666666,0.19663065843621397
1265,R1610D,6.0,1.0,2,0.06666666666666667,0.0787937242798354
1266,R1610D,7.0,1.0,2,0.0,-0.1718364197530864
1267,R1610D,8.0,1.0,2,0.25,0.16735146604938275
1268,R1610D,9.0,1.0,2,0.16666666666666666,0.1452243165784832
1269,R1610D,1.0,,3,,
1270,R1610D,2.0,,3,,
1271,R1610D,3.0,,3,,
1272,R1610D,4.0,,3,,
1273,R1610D,5.0,,3,,
1274,R1610D,6.0,,3,,
1275,R1610D,7.0,,3,,
1276,R1610D,8.0,,3,,
1277,R1610D,9.0,,3,,
1278,R1610D,1.0,,4,,
1279,R1610D,2.0,,4,,
1280,R1610D,3.0,,4,,
1281,R1610D,4.0,,4,,
1282,R1610D,5.0,,4,,
1283,R1610D,6.0,,4,,
1284,R1610D,7.0,,4,,
1285,R1610D,8.0,,4,,
1286,R1610D,9.0,,4,,
1287,R1610D,1.0,,5,,
1288,R1610D,2.0,,5,,
1289,R1610D,3.0,,5,,
1290,R1610D,4.0,,5,,
1291,R1610D,5.0,,5,,
1292,R1610D,6.0,,5,,
1293,R1610D,7.0,,5,,
1294,R1610D,8.0,,5,,
1295,R1610D,9.0,,5,,
1296,R1611T,1.0,1.0,0,0.0,-0.09308127572016459
1297,R1611T,2.0,1.0,0,0.125,0.04516460905349794
1298,R1611T,3.0,1.0,0,0.0,0.06015946502057613
1299,R1611T,4.0,1.0,0,0.16666666666666666,-0.026877572016460877
1300,R1611T,5.0,1.0,0,0.16666666666666666,0.05218621399176954
1301,R1611T,6.0,1.0,0,0.16666666666666666,-0.03972479423868311
1302,R1611T,7.0,1.0,0,0.5,0.38371913580246914
1303,R1611T,8.0,1.0,0,0.0,0.1372588734567901
1304,R1611T,9.0,1.0,0,0.5833333333333333,0.24244653880070544
1305,R1611T,1.0,1.0,1,0.6444444444444444,0.5513631687242798
1306,R1611T,2.0,1.0,1,0.25,0.17016460905349795
1307,R1611T,3.0,1.0,1,0.0,0.06015946502057613
1308,R1611T,4.0,1.0,1,0.41666666666666663,0.2231224279835391
1309,R1611T,5.0,1.0,1,0.2333333333333333,0.11885288065843619
1310,R1611T,6.0,1.0,1,0.4444444444444444,0.23805298353909465
1311,R1611T,7.0,1.0,1,0.0,-0.11628086419753086
1312,R1611T,8.0,1.0,1,0.20833333333333331,0.3455922067901234
1313,R1611T,9.0,1.0,1,1.0,0.6591132054673722
1314,R1611T,1.0,,2,,
1315,R1611T,2.0,,2,,
1316,R1611T,3.0,,2,,
1317,R1611T,4.0,,2,,
1318,R1611T,5.0,,2,,
1319,R1611T,6.0,,2,,
1320,R1611T,7.0,,2,,
1321,R1611T,8.0,,2,,
1322,R1611T,9.0,,2,,
1323,R1611T,1.0,,3,,
1324,R1611T,2.0,,3,,
1325,R1611T,3.0,,3,,
1326,R1611T,4.0,,3,,
1327,R1611T,5.0,,3,,
1328,R1611T,6.0,,3,,
1329,R1611T,7.0,,3,,
1330,R1611T,8.0,,3,,
1331,R1611T,9.0,,3,,
1332,R1611T,1.0,,4,,
1333,R1611T,2.0,,4,,
1334,R1611T,3.0,,4,,
1335,R1611T,4.0,,4,,
1336,R1611T,5.0,,4,,
1337,R1611T,6.0,,4,,
1338,R1611T,7.0,,4,,
1339,R1611T,8.0,,4,,
1340,R1611T,9.0,,4,,
1341,R1611T,1.0,,5,,
1342,R1611T,2.0,,5,,
1343,R1611T,3.0,,5,,
1344,R1611T,4.0,,5,,
1345,R1611T,5.0,,5,,
1346,R1611T,6.0,,5,,
1347,R1611T,7.0,,5,,
1348,R1611T,8.0,,5,,
1349,R1611T,9.0,,5,,
1350,R1612E,1.0,1.0,0,0.3333333333333333,0.2291409465020576
1351,R1612E,2.0,1.0,0,0.0,0.10766460905349794
1352,R1612E,3.0,1.0,0,0.0,0.06015946502057613
1353,R1612E,4.0,1.0,0,0.1111111111111111,0.09812242798353908
1354,R1612E,5.0,1.0,0,0.27777777777777773,0.08551954732510286
1355,R1612E,6.0,1.0,0,0.0,0.09916409465020576
1356,R1612E,7.0,1.0,0,0.0,0.13371913580246914
1357,R1612E,8.0,1.0,0,0.375,0.24142554012345677
1358,R1612E,9.0,1.0,0,0.8333333333333333,0.4507798721340388
1359,R1612E,1.0,,1,,
1360,R1612E,2.0,,1,,
1361,R1612E,3.0,,1,,
1362,R1612E,4.0,,1,,
1363,R1612E,5.0,,1,,
1364,R1612E,6.0,,1,,
1365,R1612E,7.0,,1,,
1366,R1612E,8.0,,1,,
1367,R1612E,9.0,,1,,
1368,R1612E,1.0,,2,,
1369,R1612E,2.0,,2,,
1370,R1612E,3.0,,2,,
1371,R1612E,4.0,,2,,
1372,R1612E,5.0,,2,,
1373,R1612E,6.0,,2,,
1374,R1612E,7.0,,2,,
1375,R1612E,8.0,,2,,
1376,R1612E,9.0,,2,,
1377,R1612E,1.0,,3,,
1378,R1612E,2.0,,3,,
1379,R1612E,3.0,,3,,
1380,R1612E,4.0,,3,,
1381,R1612E,5.0,,3,,
1382,R1612E,6.0,,3,,
1383,R1612E,7.0,,3,,
1384,R1612E,8.0,,3,,
1385,R1612E,9.0,,3,,
1386,R1612E,1.0,,4,,
1387,R1612E,2.0,,4,,
1388,R1612E,3.0,,4,,
1389,R1612E,4.0,,4,,
1390,R1612E,5.0,,4,,
1391,R1612E,6.0,,4,,
1392,R1612E,7.0,,4,,
1393,R1612E,8.0,,4,,
1394,R1612E,9.0,,4,,
1395,R1612E,1.0,,5,,
1396,R1612E,2.0,,5,,
1397,R1612E,3.0,,5,,
1398,R1612E,4.0,,5,,
1399,R1612E,5.0,,5,,
1400,R1612E,6.0,,5,,
1401,R1612E,7.0,,5,,
1402,R1612E,8.0,,5,,
1403,R1612E,9.0,,5,,
1404,R1613T,1.0,1.0,0,0.3611111111111111,0.40969650205761315
1405,R1613T,2.0,1.0,0,0.0,-0.11455761316872427
1406,R1613T,3.0,1.0,0,0.08333333333333333,-0.06484053497942387
1407,R1613T,4.0,1.0,0,0.611111111111111,0.21617798353909462
1408,R1613T,5.0,1.0,0,0.0,0.002186213991769534
1409,R1613T,6.0,1.0,0,0.16666666666666666,0.18249742798353907
1410,R1613T,7.0,1.0,0,0.16666666666666666,0.05038580246913579
1411,R1613T,8.0,1.0,0,0.3958333333333333,0.21017554012345677
1412,R1613T,9.0,1.0,0,0.5,0.2007798721340388
1413,R1613T,1.0,1.0,1,0.0,0.04858539094650205
1414,R1613T,2.0,1.0,1,0.4444444444444444,0.32988683127572016
1415,R1613T,3.0,1.0,1,0.3333333333333333,0.18515946502057612
1416,R1613T,4.0,1.0,1,0.375,-0.01993312757201643
1417,R1613T,5.0,1.0,1,0.16666666666666666,0.16885288065843618
1418,R1613T,6.0,1.0,1,0.0,0.01583076131687243
1419,R1613T,7.0,1.0,1,0.3333333333333333,0.21705246913580245
1420,R1613T,8.0,1.0,1,0.4583333333333333,0.27267554012345674
1421,R1613T,9.0,1.0,1,1.0,0.7007798721340388
1422,R1613T,1.0,,2,,
1423,R1613T,2.0,,2,,
1424,R1613T,3.0,,2,,
1425,R1613T,4.0,,2,,
1426,R1613T,5.0,,2,,
1427,R1613T,6.0,,2,,
1428,R1613T,7.0,,2,,
1429,R1613T,8.0,,2,,
1430,R1613T,9.0,,2,,
1431,R1613T,1.0,,3,,
1432,R1613T,2.0,,3,,
1433,R1613T,3.0,,3,,
1434,R1613T,4.0,,3,,
1435,R1613T,5.0,,3,,
1436,R1613T,6.0,,3,,
1437,R1613T,7.0,,3,,
1438,R1613T,8.0,,3,,
1439,R1613T,9.0,,3,,
1440,R1613T,1.0,,4,,
1441,R1613T,2.0,,4,,
1442,R1613T,3.0,,4,,
1443,R1613T,4.0,,4,,
1444,R1613T,5.0,,4,,
1445,R1613T,6.0,,4,,
1446,R1613T,7.0,,4,,
1447,R1613T,8.0,,4,,
1448,R1613T,9.0,,4,,
1449,R1613T,1.0,,5,,
1450,R1613T,2.0,,5,,
1451,R1613T,3.0,,5,,
1452,R1613T,4.0,,5,,
1453,R1613T,5.0,,5,,
1454,R1613T,6.0,,5,,
1455,R1613T,7.0,,5,,
1456,R1613T,8.0,,5,,
1457,R1613T,9.0,,5,,
1458,R1615T,1.0,1.0,0,0.0,0.2291409465020576
1459,R1615T,2.0,1.0,0,0.0,0.10766460905349794
1460,R1615T,3.0,1.0,0,0.0,0.06015946502057613
1461,R1615T,4.0,1.0,0,0.27777777777777773,0.0981224279835391
1462,R1615T,5.0,1.0,0,0.0,0.08551954732510286
1463,R1615T,6.0,1.0,0,0.0,0.09916409465020576
1464,R1615T,7.0,1.0,0,0.0,0.13371913580246914
1465,R1615T,8.0,1.0,0,0.3333333333333333,0.24142554012345677
1466,R1615T,9.0,1.0,0,0.125,0.4507798721340388
1467,R1615T,1.0,,1,,
1468,R1615T,2.0,,1,,
1469,R1615T,3.0,,1,,
1470,R1615T,4.0,,1,,
1471,R1615T,5.0,,1,,
1472,R1615T,6.0,,1,,
1473,R1615T,7.0,,1,,
1474,R1615T,8.0,,1,,
1475,R1615T,9.0,,1,,
1476,R1615T,1.0,,2,,
1477,R1615T,2.0,,2,,
1478,R1615T,3.0,,2,,
1479,R1615T,4.0,,2,,
1480,R1615T,5.0,,2,,
1481,R1615T,6.0,,2,,
1482,R1615T,7.0,,2,,
1483,R1615T,8.0,,2,,
1484,R1615T,9.0,,2,,
1485,R1615T,1.0,,3,,
1486,R1615T,2.0,,3,,
1487,R1615T,3.0,,3,,
1488,R1615T,4.0,,3,,
1489,R1615T,5.0,,3,,
1490,R1615T,6.0,,3,,
1491,R1615T,7.0,,3,,
1492,R1615T,8.0,,3,,
1493,R1615T,9.0,,3,,
1494,R1615T,1.0,,4,,
1495,R1615T,2.0,,4,,
1496,R1615T,3.0,,4,,
1497,R1615T,4.0,,4,,
1498,R1615T,5.0,,4,,
1499,R1615T,6.0,,4,,
1500,R1615T,7.0,,4,,
1501,R1615T,8.0,,4,,
1502,R1615T,9.0,,4,,
1503,R1615T,1.0,,5,,
1504,R1615T,2.0,,5,,
1505,R1615T,3.0,,5,,
1506,R1615T,4.0,,5,,
1507,R1615T,5.0,,5,,
1508,R1615T,6.0,,5,,
1509,R1615T,7.0,,5,,
1510,R1615T,8.0,,5,,
1511,R1615T,9.0,,5,,
1512,R1618J,1.0,1.0,0,0.5,0.22914094650205763
1513,R1618J,2.0,1.0,0,0.0,0.10766460905349794
1514,R1618J,3.0,1.0,0,0.0,0.06015946502057613
1515,R1618J,4.0,1.0,0,0.0,0.09812242798353908
1516,R1618J,5.0,1.0,0,0.0,0.08551954732510286
1517,R1618J,6.0,1.0,0,0.2222222222222222,0.09916409465020576
1518,R1618J,7.0,1.0,0,0.0,0.13371913580246914
1519,R1618J,8.0,1.0,0,0.25,0.24142554012345677
1520,R1618J,9.0,1.0,0,0.5,0.4507798721340388
1521,R1618J,1.0,,1,,
1522,R1618J,2.0,,1,,
1523,R1618J,3.0,,1,,
1524,R1618J,4.0,,1,,
1525,R1618J,5.0,,1,,
1526,R1618J,6.0,,1,,
1527,R1618J,7.0,,1,,
1528,R1618J,8.0,,1,,
1529,R1618J,9.0,,1,,
1530,R1618J,1.0,,2,,
1531,R1618J,2.0,,2,,
1532,R1618J,3.0,,2,,
1533,R1618J,4.0,,2,,
1534,R1618J,5.0,,2,,
1535,R1618J,6.0,,2,,
1536,R1618J,7.0,,2,,
1537,R1618J,8.0,,2,,
1538,R1618J,9.0,,2,,
1539,R1618J,1.0,,3,,
1540,R1618J,2.0,,3,,
1541,R1618J,3.0,,3,,
1542,R1618J,4.0,,3,,
1543,R1618J,5.0,,3,,
1544,R1618J,6.0,,3,,
1545,R1618J,7.0,,3,,
1546,R1618J,8.0,,3,,
1547,R1618J,9.0,,3,,
1548,R1618J,1.0,,4,,
1549,R1618J,2.0,,4,,
1550,R1618J,3.0,,4,,
1551,R1618J,4.0,,4,,
1552,R1618J,5.0,,4,,
1553,R1618J,6.0,,4,,
1554,R1618J,7.0,,4,,
1555,R1618J,8.0,,4,,
1556,R1618J,9.0,,4,,
1557,R1618J,1.0,,5,,
1558,R1618J,2.0,,5,,
1559,R1618J,3.0,,5,,
1560,R1618J,4.0,,5,,
1561,R1618J,5.0,,5,,
1562,R1618J,6.0,,5,,
1563,R1618J,7.0,,5,,
1564,R1618J,8.0,,5,,
1565,R1618J,9.0,,5,,
1566,R1619T,1.0,1.0,0,0.5,0.22914094650205763
1567,R1619T,2.0,1.0,0,0.0,0.10766460905349794
1568,R1619T,3.0,1.0,0,0.0,0.06015946502057613
1569,R1619T,4.0,1.0,0,0.0,0.09812242798353908
1570,R1619T,5.0,1.0,0,0.1111111111111111,0.08551954732510286
1571,R1619T,6.0,1.0,0,0.08333333333333333,0.09916409465020576
1572,R1619T,7.0,1.0,0,0.0,0.13371913580246914
1573,R1619T,8.0,1.0,0,0.08333333333333333,0.24142554012345674
1574,R1619T,9.0,1.0,0,0.3333333333333333,0.4507798721340388
1575,R1619T,1.0,,1,,
1576,R1619T,2.0,,1,,
1577,R1619T,3.0,,1,,
1578,R1619T,4.0,,1,,
1579,R1619T,5.0,,1,,
1580,R1619T,6.0,,1,,
1581,R1619T,7.0,,1,,
1582,R1619T,8.0,,1,,
1583,R1619T,9.0,,1,,
1584,R1619T,1.0,,2,,
1585,R1619T,2.0,,2,,
1586,R1619T,3.0,,2,,
1587,R1619T,4.0,,2,,
1588,R1619T,5.0,,2,,
1589,R1619T,6.0,,2,,
1590,R1619T,7.0,,2,,
1591,R1619T,8.0,,2,,
1592,R1619T,9.0,,2,,
1593,R1619T,1.0,,3,,
1594,R1619T,2.0,,3,,
1595,R1619T,3.0,,3,,
1596,R1619T,4.0,,3,,
1597,R1619T,5.0,,3,,
1598,R1619T,6.0,,3,,
1599,R1619T,7.0,,3,,
1600,R1619T,8.0,,3,,
1601,R1619T,9.0,,3,,
1602,R1619T,1.0,,4,,
1603,R1619T,2.0,,4,,
1604,R1619T,3.0,,4,,
1605,R1619T,4.0,,4,,
1606,R1619T,5.0,,4,,
1607,R1619T,6.0,,4,,
1608,R1619T,7.0,,4,,
1609,R1619T,8.0,,4,,
1610,R1619T,9.0,,4,,
1611,R1619T,1.0,,5,,
1612,R1619T,2.0,,5,,
1613,R1619T,3.0,,5,,
1614,R1619T,4.0,,5,,
1615,R1619T,5.0,,5,,
1616,R1619T,6.0,,5,,
1617,R1619T,7.0,,5,,
1618,R1619T,8.0,,5,,
1619,R1619T,9.0,,5,,
1620,R1621E,1.0,1.0,0,0.16666666666666666,0.14580761316872426
1621,R1621E,2.0,1.0,0,0.0,0.10766460905349794
1622,R1621E,3.0,1.0,0,0.16666666666666666,0.14349279835390946
1623,R1621E,4.0,1.0,0,0.0,0.09812242798353908
1624,R1621E,5.0,1.0,0,0.0,0.08551954732510286
1625,R1621E,6.0,1.0,0,0.0,0.06583076131687243
1626,R1621E,7.0,1.0,0,0.0,-0.11628086419753086
1627,R1621E,8.0,1.0,0,0.16666666666666666,0.1303144290123457
1628,R1621E,9.0,1.0,0,0.5,0.4924465388007055
1629,R1621E,1.0,1.0,1,0.3333333333333333,0.3124742798353909
1630,R1621E,2.0,1.0,1,0.0,0.10766460905349794
1631,R1621E,3.0,1.0,1,0.0,-0.023173868312757195
1632,R1621E,4.0,1.0,1,0.0,0.09812242798353908
1633,R1621E,5.0,1.0,1,0.0,0.08551954732510286
1634,R1621E,6.0,1.0,1,0.06666666666666667,0.13249742798353908
1635,R1621E,7.0,1.0,1,0.5,0.38371913580246914
1636,R1621E,8.0,1.0,1,0.38888888888888884,0.3525366512345679
1637,R1621E,9.0,1.0,1,0.41666666666666663,0.4091132054673721
1638,R1621E,1.0,,2,,
1639,R1621E,2.0,,2,,
1640,R1621E,3.0,,2,,
1641,R1621E,4.0,,2,,
1642,R1621E,5.0,,2,,
1643,R1621E,6.0,,2,,
1644,R1621E,7.0,,2,,
1645,R1621E,8.0,,2,,
1646,R1621E,9.0,,2,,
1647,R1621E,1.0,,3,,
1648,R1621E,2.0,,3,,
1649,R1621E,3.0,,3,,
1650,R1621E,4.0,,3,,
1651,R1621E,5.0,,3,,
1652,R1621E,6.0,,3,,
1653,R1621E,7.0,,3,,
1654,R1621E,8.0,,3,,
1655,R1621E,9.0,,3,,
1656,R1621E,1.0,,4,,
1657,R1621E,2.0,,4,,
1658,R1621E,3.0,,4,,
1659,R1621E,4.0,,4,,
1660,R1621E,5.0,,4,,
1661,R1621E,6.0,,4,,
1662,R1621E,7.0,,4,,
1663,R1621E,8.0,,4,,
1664,R1621E,9.0,,4,,
1665,R1621E,1.0,,5,,
1666,R1621E,2.0,,5,,
1667,R1621E,3.0,,5,,
1668,R1621E,4.0,,5,,
1669,R1621E,5.0,,5,,
1670,R1621E,6.0,,5,,
1671,R1621E,7.0,,5,,
1672,R1621E,8.0,,5,,
1673,R1621E,9.0,,5,,
1674,R1622T,1.0,1.0,0,0.08333333333333333,0.27080761316872426
1675,R1622T,2.0,1.0,0,0.0625,0.05558127572016461
1676,R1622T,3.0,1.0,0,0.0,0.01849279835390947
1677,R1622T,4.0,1.0,0,0.16666666666666666,0.12590020576131683
1678,R1622T,5.0,1.0,0,0.0,-0.16448045267489714
1679,R1622T,6.0,1.0,0,0.16666666666666666,0.0574974279835391
1680,R1622T,7.0,1.0,0,1.0,0.5837191358024691
1681,R1622T,8.0,1.0,0,0.6666666666666666,0.40809220679012337
1682,R1622T,9.0,1.0,0,1.0,0.6174465388007055
1683,R1622T,1.0,1.0,1,0.0,0.18747427983539094
1684,R1622T,2.0,1.0,1,0.16666666666666666,0.15974794238683127
1685,R1622T,3.0,1.0,1,0.08333333333333333,0.1018261316872428
1686,R1622T,4.0,1.0,1,0.1111111111111111,0.07034465020576129
1687,R1622T,5.0,1.0,1,0.5,0.33551954732510286
1688,R1622T,6.0,1.0,1,0.25,0.14083076131687244
1689,R1622T,7.0,1.0,1,0.1,-0.3162808641975309
1690,R1622T,8.0,1.0,1,0.3333333333333333,0.07475887345679005
1691,R1622T,9.0,1.0,1,0.6666666666666666,0.2841132054673722
1692,R1622T,1.0,,2,,
1693,R1622T,2.0,,2,,
1694,R1622T,3.0,,2,,
1695,R1622T,4.0,,2,,
1696,R1622T,5.0,,2,,
1697,R1622T,6.0,,2,,
1698,R1622T,7.0,,2,,
1699,R1622T,8.0,,2,,
1700,R1622T,9.0,,2,,
1701,R1622T,1.0,,3,,
1702,R1622T,2.0,,3,,
1703,R1622T,3.0,,3,,
1704,R1622T,4.0,,3,,
1705,R1622T,5.0,,3,,
1706,R1622T,6.0,,3,,
1707,R1622T,7.0,,3,,
1708,R1622T,8.0,,3,,
1709,R1622T,9.0,,3,,
1710,R1622T,1.0,,4,,
1711,R1622T,2.0,,4,,
1712,R1622T,3.0,,4,,
1713,R1622T,4.0,,4,,
1714,R1622T,5.0,,4,,
1715,R1622T,6.0,,4,,
1716,R1622T,7.0,,4,,
1717,R1622T,8.0,,4,,
1718,R1622T,9.0,,4,,
1719,R1622T,1.0,,5,,
1720,R1622T,2.0,,5,,
1721,R1622T,3.0,,5,,
1722,R1622T,4.0,,5,,
1723,R1622T,5.0,,5,,
1724,R1622T,6.0,,5,,
1725,R1622T,7.0,,5,,
1726,R1622T,8.0,,5,,
1727,R1622T,9.0,,5,,
1728,R1625T,1.0,1.0,0,0.0,0.2291409465020576
1729,R1625T,2.0,1.0,0,0.0,0.10766460905349794
1730,R1625T,3.0,1.0,0,0.0,0.06015946502057613
1731,R1625T,4.0,1.0,0,0.16666666666666666,0.1814557613168724
1732,R1625T,5.0,1.0,0,0.0,0.08551954732510286
1733,R1625T,6.0,1.0,0,0.0,-0.02583590534979424
1734,R1625T,7.0,1.0,0,0.125,0.14621913580246915
1735,R1625T,8.0,1.0,0,0.14583333333333331,0.28934220679012346
1736,R1625T,9.0,1.0,0,1.0,0.7841132054673722
1737,R1625T,1.0,,1,,
1738,R1625T,2.0,,1,,
1739,R1625T,3.0,,1,,
1740,R1625T,4.0,,1,,
1741,R1625T,5.0,,1,,
1742,R1625T,6.0,,1,,
1743,R1625T,7.0,,1,,
1744,R1625T,8.0,,1,,
1745,R1625T,9.0,,1,,
1746,R1625T,1.0,,2,,
1747,R1625T,2.0,,2,,
1748,R1625T,3.0,,2,,
1749,R1625T,4.0,,2,,
1750,R1625T,5.0,,2,,
1751,R1625T,6.0,,2,,
1752,R1625T,7.0,,2,,
1753,R1625T,8.0,,2,,
1754,R1625T,9.0,,2,,
1755,R1625T,1.0,1.0,3,0.0,0.2291409465020576
1756,R1625T,2.0,1.0,3,0.0,0.10766460905349794
1757,R1625T,3.0,1.0,3,0.0,0.06015946502057613
1758,R1625T,4.0,1.0,3,0.0,0.014789094650205753
1759,R1625T,5.0,1.0,3,0.0,0.08551954732510286
1760,R1625T,6.0,1.0,3,0.25,0.22416409465020576
1761,R1625T,7.0,1.0,3,0.1,0.12121913580246914
1762,R1625T,8.0,1.0,3,0.05,0.19350887345679013
1763,R1625T,9.0,1.0,3,0.3333333333333333,0.11744653880070549
1764,R1625T,1.0,,4,,
1765,R1625T,2.0,,4,,
1766,R1625T,3.0,,4,,
1767,R1625T,4.0,,4,,
1768,R1625T,5.0,,4,,
1769,R1625T,6.0,,4,,
1770,R1625T,7.0,,4,,
1771,R1625T,8.0,,4,,
1772,R1625T,9.0,,4,,
1773,R1625T,1.0,,5,,
1774,R1625T,2.0,,5,,
1775,R1625T,3.0,,5,,
1776,R1625T,4.0,,5,,
1777,R1625T,5.0,,5,,
1778,R1625T,6.0,,5,,
1779,R1625T,7.0,,5,,
1780,R1625T,8.0,,5,,
1781,R1625T,9.0,,5,,
1782,R1627T,1.0,,0,,
1783,R1627T,2.0,,0,,
1784,R1627T,3.0,,0,,
1785,R1627T,4.0,,0,,
1786,R1627T,5.0,,0,,
1787,R1627T,6.0,,0,,
1788,R1627T,7.0,,0,,
1789,R1627T,8.0,,0,,
1790,R1627T,9.0,,0,,
1791,R1627T,1.0,1.0,1,0.2222222222222222,0.2291409465020576
1792,R1627T,2.0,1.0,1,0.3666666666666667,0.10766460905349795
1793,R1627T,3.0,1.0,1,0.5666666666666667,0.06015946502057612
1794,R1627T,4.0,1.0,1,0.0,0.09812242798353908
1795,R1627T,5.0,1.0,1,0.2222222222222222,0.08551954732510286
1796,R1627T,6.0,1.0,1,0.3333333333333333,0.09916409465020576
1797,R1627T,7.0,1.0,1,0.0,0.13371913580246914
1798,R1627T,8.0,1.0,1,0.125,0.24142554012345677
1799,R1627T,9.0,1.0,1,0.0,0.4507798721340388
1800,R1627T,1.0,,2,,
1801,R1627T,2.0,,2,,
1802,R1627T,3.0,,2,,
1803,R1627T,4.0,,2,,
1804,R1627T,5.0,,2,,
1805,R1627T,6.0,,2,,
1806,R1627T,7.0,,2,,
1807,R1627T,8.0,,2,,
1808,R1627T,9.0,,2,,
1809,R1627T,1.0,,3,,
1810,R1627T,2.0,,3,,
1811,R1627T,3.0,,3,,
1812,R1627T,4.0,,3,,
1813,R1627T,5.0,,3,,
1814,R1627T,6.0,,3,,
1815,R1627T,7.0,,3,,
1816,R1627T,8.0,,3,,
1817,R1627T,9.0,,3,,
1818,R1627T,1.0,,4,,
1819,R1627T,2.0,,4,,
1820,R1627T,3.0,,4,,
1821,R1627T,4.0,,4,,
1822,R1627T,5.0,,4,,
1823,R1627T,6.0,,4,,
1824,R1627T,7.0,,4,,
1825,R1627T,8.0,,4,,
1826,R1627T,9.0,,4,,
1827,R1627T,1.0,,5,,
1828,R1627T,2.0,,5,,
1829,R1627T,3.0,,5,,
1830,R1627T,4.0,,5,,
1831,R1627T,5.0,,5,,
1832,R1627T,6.0,,5,,
1833,R1627T,7.0,,5,,
1834,R1627T,8.0,,5,,
1835,R1627T,9.0,,5,,
1836,R1628E,1.0,1.0,0,0.16666666666666666,0.24580761316872426
1837,R1628E,2.0,1.0,0,0.0,0.06599794238683127
1838,R1628E,3.0,1.0,0,0.16666666666666666,0.14349279835390946
1839,R1628E,4.0,1.0,0,0.3333333333333333,0.2647890946502057
1840,R1628E,5.0,1.0,0,0.1111111111111111,0.14107510288065842
1841,R1628E,6.0,1.0,0,0.0,0.09916409465020576
1842,R1628E,7.0,1.0,0,0.5,0.32121913580246914
1843,R1628E,8.0,1.0,0,0.16666666666666666,0.3247588734567901
1844,R1628E,9.0,1.0,0,0.6333333333333333,0.6424465388007055
1845,R1628E,1.0,1.0,1,0.13333333333333333,0.21247427983539094
1846,R1628E,2.0,1.0,1,0.08333333333333333,0.14933127572016458
1847,R1628E,3.0,1.0,1,0.0,-0.023173868312757195
1848,R1628E,4.0,1.0,1,0.0,-0.06854423868312758
1849,R1628E,5.0,1.0,1,0.0,0.02996399176954731
1850,R1628E,6.0,1.0,1,0.0,0.09916409465020576
1851,R1628E,7.0,1.0,1,0.125,-0.053780864197530864
1852,R1628E,8.0,1.0,1,0.0,0.15809220679012342
1853,R1628E,9.0,1.0,1,0.25,0.25911320546737215
1854,R1628E,1.0,,2,,
1855,R1628E,2.0,,2,,
1856,R1628E,3.0,,2,,
1857,R1628E,4.0,,2,,
1858,R1628E,5.0,,2,,
1859,R1628E,6.0,,2,,
1860,R1628E,7.0,,2,,
1861,R1628E,8.0,,2,,
1862,R1628E,9.0,,2,,
1863,R1628E,1.0,,3,,
1864,R1628E,2.0,,3,,
1865,R1628E,3.0,,3,,
1866,R1628E,4.0,,3,,
1867,R1628E,5.0,,3,,
1868,R1628E,6.0,,3,,
1869,R1628E,7.0,,3,,
1870,R1628E,8.0,,3,,
1871,R1628E,9.0,,3,,
1872,R1628E,1.0,,4,,
1873,R1628E,2.0,,4,,
1874,R1628E,3.0,,4,,
1875,R1628E,4.0,,4,,
1876,R1628E,5.0,,4,,
1877,R1628E,6.0,,4,,
1878,R1628E,7.0,,4,,
1879,R1628E,8.0,,4,,
1880,R1628E,9.0,,4,,
1881,R1628E,1.0,,5,,
1882,R1628E,2.0,,5,,
1883,R1628E,3.0,,5,,
1884,R1628E,4.0,,5,,
1885,R1628E,5.0,,5,,
1886,R1628E,6.0,,5,,
1887,R1628E,7.0,,5,,
1888,R1628E,8.0,,5,,
1889,R1628E,9.0,,5,,
1890,R1642J,1.0,1.0,0,0.16666666666666666,0.10414094650205757
1891,R1642J,2.0,1.0,0,0.0,0.04516460905349794
1892,R1642J,3.0,1.0,0,0.0,0.06015946502057613
1893,R1642J,4.0,1.0,0,0.0,0.04256687242798353
1894,R1642J,5.0,1.0,0,0.0,0.08551954732510286
1895,R1642J,6.0,1.0,0,0.1111111111111111,-0.011947016460905346
1896,R1642J,7.0,1.0,0,0.0,0.13371913580246914
1897,R1642J,8.0,1.0,0,0.0,0.24142554012345677
1898,R1642J,9.0,1.0,0,0.0,0.4150655864197531
1899,R1642J,1.0,1.0,1,0.4166666666666667,0.35414094650205763
1900,R1642J,2.0,1.0,1,0.125,0.17016460905349795
1901,R1642J,3.0,1.0,1,0.0,0.06015946502057613
1902,R1642J,4.0,1.0,1,0.1111111111111111,0.15367798353909462
1903,R1642J,5.0,1.0,1,0.0,0.08551954732510286
1904,R1642J,6.0,1.0,1,0.3333333333333333,0.21027520576131686
1905,R1642J,7.0,1.0,1,0.0,0.13371913580246914
1906,R1642J,8.0,1.0,1,0.0,0.24142554012345677
1907,R1642J,9.0,1.0,1,0.07142857142857142,0.4864941578483245
1908,R1642J,1.0,,2,,
1909,R1642J,2.0,,2,,
1910,R1642J,3.0,,2,,
1911,R1642J,4.0,,2,,
1912,R1642J,5.0,,2,,
1913,R1642J,6.0,,2,,
1914,R1642J,7.0,,2,,
1915,R1642J,8.0,,2,,
1916,R1642J,9.0,,2,,
1917,R1642J,1.0,,3,,
1918,R1642J,2.0,,3,,
1919,R1642J,3.0,,3,,
1920,R1642J,4.0,,3,,
1921,R1642J,5.0,,3,,
1922,R1642J,6.0,,3,,
1923,R1642J,7.0,,3,,
1924,R1642J,8.0,,3,,
1925,R1642J,9.0,,3,,
1926,R1642J,1.0,,4,,
1927,R1642J,2.0,,4,,
1928,R1642J,3.0,,4,,
1929,R1642J,4.0,,4,,
1930,R1642J,5.0,,4,,
1931,R1642J,6.0,,4,,
1932,R1642J,7.0,,4,,
1933,R1642J,8.0,,4,,
1934,R1642J,9.0,,4,,
1935,R1642J,1.0,,5,,
1936,R1642J,2.0,,5,,
1937,R1642J,3.0,,5,,
1938,R1642J,4.0,,5,,
1939,R1642J,5.0,,5,,
1940,R1642J,6.0,,5,,
1941,R1642J,7.0,,5,,
1942,R1642J,8.0,,5,,
1943,R1642J,9.0,,5,,
