,subject,repeats,recalled,adj_rec
0,MTK00007,1.0,0.41666666666666663,0.35997876857749467
1,MTK00007,2.0,0.4833333333333333,0.5463906581740976
2,MTK00007,3.0,0.5583333333333333,0.7057003575818527
3,MTK00008,1.0,0.21666666666666665,0.35997876857749467
4,MTK00008,2.0,0.5,0.5463906581740976
5,MTK00008,3.0,0.6916666666666667,0.7057003575818527
6,MTK00011,1.0,0.8333333333333334,0.35997876857749467
7,MTK00011,2.0,0.85,0.5463906581740976
8,MTK00011,3.0,0.8916666666666666,0.7057003575818527
9,MTK00012,1.0,0.21666666666666665,0.35997876857749467
10,MTK00012,2.0,0.41666666666666663,0.5463906581740976
11,MTK00012,3.0,0.5,0.7057003575818527
12,MTK00023,1.0,0.5333333333333333,0.35997876857749467
13,MTK00023,2.0,0.55,0.5463906581740976
14,MTK00023,3.0,0.5666666666666667,0.7057003575818527
15,MTK00031,1.0,0.5333333333333333,0.35997876857749467
16,MTK00031,2.0,0.7166666666666666,0.5463906581740976
17,MTK00031,3.0,0.6,0.7057003575818527
18,MTK00035,1.0,0.5333333333333333,0.35997876857749467
19,MTK00035,2.0,0.6333333333333333,0.5463906581740976
20,MTK00035,3.0,0.7583333333333333,0.7057003575818527
21,MTK00036,1.0,0.55,0.35997876857749467
22,MTK00036,2.0,0.7833333333333333,0.5463906581740976
23,MTK00036,3.0,0.9,0.7057003575818527
24,MTK00040,1.0,0.2,0.35997876857749467
25,MTK00040,2.0,0.5,0.5463906581740976
26,MTK00040,3.0,0.6,0.7057003575818527
27,MTK00041,1.0,0.5666666666666667,0.35997876857749467
28,MTK00041,2.0,0.65,0.5463906581740976
29,MTK00041,3.0,0.625,0.7057003575818527
30,MTK00043,1.0,0.3,0.35997876857749467
31,MTK00043,2.0,0.5666666666666667,0.5463906581740976
32,MTK00043,3.0,0.75,0.7057003575818527
33,MTK00044,1.0,0.3833333333333333,0.35997876857749467
34,MTK00044,2.0,0.65,0.5463906581740976
35,MTK00044,3.0,0.7416666666666667,0.7057003575818527
36,MTK00049,1.0,0.31666666666666665,0.35997876857749467
37,MTK00049,2.0,0.45,0.5463906581740976
38,MTK00049,3.0,0.5583333333333333,0.7057003575818527
39,MTK00050,1.0,0.26666666666666666,0.35997876857749467
40,MTK00050,2.0,0.3833333333333333,0.5463906581740976
41,MTK00050,3.0,0.675,0.7057003575818527
42,MTK00051,1.0,0.31666666666666665,0.35997876857749467
43,MTK00051,2.0,0.4,0.5463906581740976
44,MTK00051,3.0,0.5083333333333333,0.7057003575818527
45,MTK00056,1.0,0.21666666666666665,0.35997876857749467
46,MTK00056,2.0,0.4,0.5463906581740976
47,MTK00056,3.0,0.5916666666666667,0.7057003575818527
48,MTK00058,1.0,0.31666666666666665,0.35997876857749467
49,MTK00058,2.0,0.45,0.5463906581740976
50,MTK00058,3.0,0.6416666666666667,0.7057003575818527
51,MTK00059,1.0,0.36666666666666664,0.35997876857749467
52,MTK00059,2.0,0.5166666666666666,0.5463906581740976
53,MTK00059,3.0,0.7333333333333334,0.7057003575818527
54,MTK00061,1.0,0.25,0.35997876857749467
55,MTK00061,2.0,0.65,0.5463906581740976
56,MTK00061,3.0,0.65,0.7057003575818527
57,MTK00062,1.0,0.5166666666666666,0.35997876857749467
58,MTK00062,2.0,0.6333333333333333,0.5463906581740976
59,MTK00062,3.0,0.7,0.7057003575818527
60,MTK00066,1.0,0.31666666666666665,0.35997876857749467
61,MTK00066,2.0,0.4833333333333333,0.5463906581740976
62,MTK00066,3.0,0.6583333333333333,0.7057003575818527
63,MTK00071,1.0,0.18333333333333332,0.35997876857749467
64,MTK00071,2.0,0.4666666666666666,0.5463906581740976
65,MTK00071,3.0,0.5416666666666667,0.7057003575818527
66,MTK00073,1.0,0.8333333333333334,0.35997876857749467
67,MTK00073,2.0,0.8833333333333334,0.5463906581740976
68,MTK00073,3.0,0.9166666666666666,0.7057003575818527
69,MTK00075,1.0,0.36666666666666664,0.35997876857749467
70,MTK00075,2.0,0.5166666666666666,0.5463906581740976
71,MTK00075,3.0,0.7833333333333333,0.7057003575818527
72,MTK00076,1.0,0.26666666666666666,0.35997876857749467
73,MTK00076,2.0,0.4833333333333333,0.5463906581740976
74,MTK00076,3.0,0.6666666666666667,0.7057003575818527
75,MTK00078,1.0,0.31666666666666665,0.35997876857749467
76,MTK00078,2.0,0.4666666666666666,0.5463906581740976
77,MTK00078,3.0,0.7,0.7057003575818527
78,MTK00079,1.0,0.4666666666666666,0.35997876857749467
79,MTK00079,2.0,0.6333333333333333,0.5463906581740976
80,MTK00079,3.0,0.775,0.7057003575818527
81,MTK00084,1.0,0.45,0.35997876857749467
82,MTK00084,2.0,0.5666666666666667,0.5463906581740976
83,MTK00084,3.0,0.7333333333333333,0.7057003575818527
84,MTK00090,1.0,0.35,0.35997876857749467
85,MTK00090,2.0,0.55,0.5463906581740976
86,MTK00090,3.0,0.7416666666666667,0.7057003575818527
87,MTK00097,1.0,0.15,0.35997876857749467
88,MTK00097,2.0,0.3333333333333333,0.5463906581740976
89,MTK00097,3.0,0.631578947368421,0.7057003575818527
90,MTK00099,1.0,0.18333333333333332,0.35997876857749467
91,MTK00099,2.0,0.3833333333333333,0.5463906581740976
92,MTK00099,3.0,0.5666666666666667,0.7057003575818527
93,MTK00104,1.0,0.36666666666666664,0.35997876857749467
94,MTK00104,2.0,0.4666666666666667,0.5463906581740976
95,MTK00104,3.0,0.5916666666666667,0.7057003575818527
96,MTK00105,1.0,0.18333333333333332,0.35997876857749467
97,MTK00105,2.0,0.4666666666666666,0.5463906581740976
98,MTK00105,3.0,0.6416666666666667,0.7057003575818527
99,MTK00106,1.0,0.31666666666666665,0.35997876857749467
100,MTK00106,2.0,0.6,0.5463906581740976
101,MTK00106,3.0,0.725,0.7057003575818527
102,MTK00109,1.0,0.3333333333333333,0.35997876857749467
103,MTK00109,2.0,0.6666666666666666,0.5463906581740976
104,MTK00109,3.0,0.9,0.7057003575818527
105,MTK00121,1.0,0.36666666666666664,0.35997876857749467
106,MTK00121,2.0,0.5833333333333333,0.5463906581740976
107,MTK00121,3.0,0.725,0.7057003575818527
108,MTK00125,1.0,0.4,0.35997876857749467
109,MTK00125,2.0,0.5166666666666666,0.5463906581740976
110,MTK00125,3.0,0.7333333333333333,0.7057003575818527
111,MTK00128,1.0,0.15,0.35997876857749467
112,MTK00128,2.0,0.2333333333333333,0.5463906581740976
113,MTK00128,3.0,0.5916666666666667,0.7057003575818527
114,MTK00131,1.0,0.21666666666666665,0.35997876857749467
115,MTK00131,2.0,0.45,0.5463906581740976
116,MTK00131,3.0,0.675,0.7057003575818527
117,MTK00133,1.0,0.3,0.35997876857749467
118,MTK00133,2.0,0.4333333333333333,0.5463906581740976
119,MTK00133,3.0,0.575,0.7057003575818527
120,MTK00137,1.0,0.8,0.35997876857749467
121,MTK00137,2.0,0.5666666666666667,0.5463906581740976
122,MTK00137,3.0,0.6,0.7057003575818527
123,MTK00138,1.0,0.3833333333333333,0.35997876857749467
124,MTK00138,2.0,0.7,0.5463906581740976
125,MTK00138,3.0,0.7083333333333333,0.7057003575818527
126,MTK00143,1.0,0.3,0.35997876857749467
127,MTK00143,2.0,0.36666666666666664,0.5463906581740976
128,MTK00143,3.0,0.7416666666666667,0.7057003575818527
129,MTK00147,1.0,0.08333333333333333,0.35997876857749467
130,MTK00147,2.0,0.3333333333333333,0.5463906581740976
131,MTK00147,3.0,0.5333333333333333,0.7057003575818527
132,MTK00148,1.0,0.15,0.35997876857749467
133,MTK00148,2.0,0.36666666666666664,0.5463906581740976
134,MTK00148,3.0,0.675,0.7057003575818527
135,MTK00150,1.0,0.2,0.35997876857749467
136,MTK00150,2.0,0.35,0.5463906581740976
137,MTK00150,3.0,0.625,0.7057003575818527
138,MTK00155,1.0,0.4666666666666666,0.35997876857749467
139,MTK00155,2.0,0.6666666666666666,0.5463906581740976
140,MTK00155,3.0,0.8583333333333334,0.7057003575818527
141,MTK00156,1.0,0.3333333333333333,0.35997876857749467
142,MTK00156,2.0,0.6166666666666667,0.5463906581740976
143,MTK00156,3.0,0.825,0.7057003575818527
144,MTK00158,1.0,0.45,0.35997876857749467
145,MTK00158,2.0,0.8333333333333333,0.5463906581740976
146,MTK00158,3.0,0.8666666666666666,0.7057003575818527
147,MTK00159,1.0,0.11666666666666665,0.35997876857749467
148,MTK00159,2.0,0.41666666666666663,0.5463906581740976
149,MTK00159,3.0,0.6416666666666666,0.7057003575818527
150,MTK00161,1.0,0.3,0.35997876857749467
151,MTK00161,2.0,0.41666666666666663,0.5463906581740976
152,MTK00161,3.0,0.6416666666666667,0.7057003575818527
153,MTK00170,1.0,0.2333333333333333,0.35997876857749467
154,MTK00170,2.0,0.4833333333333333,0.5463906581740976
155,MTK00170,3.0,0.625,0.7057003575818527
156,MTK00171,1.0,0.36666666666666664,0.35997876857749467
157,MTK00171,2.0,0.5,0.5463906581740976
158,MTK00171,3.0,0.7583333333333333,0.7057003575818527
159,MTK00174,1.0,0.11666666666666665,0.35997876857749467
160,MTK00174,2.0,0.26666666666666666,0.5463906581740976
161,MTK00174,3.0,0.39166666666666666,0.7057003575818527
162,MTK00176,1.0,0.3333333333333333,0.35997876857749467
163,MTK00176,2.0,0.6,0.5463906581740976
164,MTK00176,3.0,0.7583333333333333,0.7057003575818527
165,MTK00177,1.0,0.35,0.35997876857749467
166,MTK00177,2.0,0.5666666666666667,0.5463906581740976
167,MTK00177,3.0,0.775,0.7057003575818527
168,MTK00179,1.0,0.36666666666666664,0.35997876857749467
169,MTK00179,2.0,0.6,0.5463906581740976
170,MTK00179,3.0,0.75,0.7057003575818527
171,MTK00180,1.0,0.2833333333333333,0.35997876857749467
172,MTK00180,2.0,0.5666666666666667,0.5463906581740976
173,MTK00180,3.0,0.6833333333333333,0.7057003575818527
174,MTK00181,1.0,0.4333333333333333,0.35997876857749467
175,MTK00181,2.0,0.4833333333333333,0.5463906581740976
176,MTK00181,3.0,0.6083333333333333,0.7057003575818527
177,MTK00182,1.0,0.21666666666666665,0.35997876857749467
178,MTK00182,2.0,0.4,0.5463906581740976
179,MTK00182,3.0,0.6416666666666667,0.7057003575818527
180,MTK00183,1.0,0.05,0.35997876857749467
181,MTK00183,2.0,0.2333333333333333,0.5463906581740976
182,MTK00183,3.0,0.4,0.7057003575818527
183,MTK00184,1.0,0.31666666666666665,0.35997876857749467
184,MTK00184,2.0,0.5333333333333333,0.5463906581740976
185,MTK00184,3.0,0.7416666666666667,0.7057003575818527
186,MTK00185,1.0,0.36666666666666664,0.35997876857749467
187,MTK00185,2.0,0.5,0.5463906581740976
188,MTK00185,3.0,0.7583333333333333,0.7057003575818527
189,MTK00186,1.0,0.16666666666666666,0.35997876857749467
190,MTK00186,2.0,0.4333333333333333,0.5463906581740976
191,MTK00186,3.0,0.5916666666666667,0.7057003575818527
192,MTK00188,1.0,0.35,0.35997876857749467
193,MTK00188,2.0,0.5666666666666667,0.5463906581740976
194,MTK00188,3.0,0.775,0.7057003575818527
195,MTK00189,1.0,0.21666666666666665,0.35997876857749467
196,MTK00189,2.0,0.3833333333333333,0.5463906581740976
197,MTK00189,3.0,0.4833333333333333,0.7057003575818527
198,MTK00190,1.0,0.15,0.35997876857749467
199,MTK00190,2.0,0.5166666666666666,0.5463906581740976
200,MTK00190,3.0,0.8083333333333333,0.7057003575818527
201,MTK00192,1.0,0.5666666666666667,0.35997876857749467
202,MTK00192,2.0,0.65,0.5463906581740976
203,MTK00192,3.0,0.825,0.7057003575818527
204,MTK00193,1.0,0.31666666666666665,0.35997876857749467
205,MTK00193,2.0,0.4833333333333333,0.5463906581740976
206,MTK00193,3.0,0.5333333333333333,0.7057003575818527
207,MTK00194,1.0,0.21666666666666665,0.35997876857749467
208,MTK00194,2.0,0.45,0.5463906581740976
209,MTK00194,3.0,0.6416666666666667,0.7057003575818527
210,MTK00195,1.0,0.8833333333333334,0.35997876857749467
211,MTK00195,2.0,0.7333333333333333,0.5463906581740976
212,MTK00195,3.0,0.8083333333333333,0.7057003575818527
213,MTK00196,1.0,0.4666666666666666,0.35997876857749467
214,MTK00196,2.0,0.4833333333333333,0.5463906581740976
215,MTK00196,3.0,0.65,0.7057003575818527
216,MTK00197,1.0,0.6666666666666666,0.35997876857749467
217,MTK00197,2.0,0.8,0.5463906581740976
218,MTK00197,3.0,0.7416666666666667,0.7057003575818527
219,MTK00200,1.0,0.7666666666666666,0.35997876857749467
220,MTK00200,2.0,0.9666666666666666,0.5463906581740976
221,MTK00200,3.0,0.9666666666666666,0.7057003575818527
222,MTK00201,1.0,0.36666666666666664,0.35997876857749467
223,MTK00201,2.0,0.55,0.5463906581740976
224,MTK00201,3.0,0.5666666666666667,0.7057003575818527
225,MTK00202,1.0,0.11666666666666665,0.35997876857749467
226,MTK00202,2.0,0.26666666666666666,0.5463906581740976
227,MTK00202,3.0,0.39166666666666666,0.7057003575818527
228,MTK00203,1.0,0.3833333333333333,0.35997876857749467
229,MTK00203,2.0,0.5166666666666666,0.5463906581740976
230,MTK00203,3.0,0.85,0.7057003575818527
231,MTK00204,1.0,0.2833333333333333,0.35997876857749467
232,MTK00204,2.0,0.6,0.5463906581740976
233,MTK00204,3.0,0.6916666666666667,0.7057003575818527
234,MTK00205,1.0,0.4,0.35997876857749467
235,MTK00205,2.0,0.6166666666666666,0.5463906581740976
236,MTK00205,3.0,0.8166666666666667,0.7057003575818527
237,MTK00206,1.0,0.4333333333333333,0.35997876857749467
238,MTK00206,2.0,0.7166666666666667,0.5463906581740976
239,MTK00206,3.0,0.8833333333333334,0.7057003575818527
240,MTK00207,1.0,0.18333333333333332,0.35997876857749467
241,MTK00207,2.0,0.4333333333333333,0.5463906581740976
242,MTK00207,3.0,0.5916666666666667,0.7057003575818527
243,MTK00208,1.0,0.4,0.35997876857749467
244,MTK00208,2.0,0.6833333333333333,0.5463906581740976
245,MTK00208,3.0,0.8416666666666666,0.7057003575818527
246,MTK00209,1.0,0.5166666666666666,0.35997876857749467
247,MTK00209,2.0,0.7,0.5463906581740976
248,MTK00209,3.0,0.9083333333333334,0.7057003575818527
249,MTK00210,1.0,0.18333333333333332,0.35997876857749467
250,MTK00210,2.0,0.2833333333333333,0.5463906581740976
251,MTK00210,3.0,0.6083333333333333,0.7057003575818527
252,MTK00211,1.0,0.6,0.35997876857749467
253,MTK00211,2.0,0.75,0.5463906581740976
254,MTK00211,3.0,0.875,0.7057003575818527
255,MTK00212,1.0,0.18333333333333332,0.35997876857749467
256,MTK00212,2.0,0.4333333333333333,0.5463906581740976
257,MTK00212,3.0,0.6666666666666666,0.7057003575818527
258,MTK00213,1.0,0.4833333333333333,0.35997876857749467
259,MTK00213,2.0,0.5166666666666666,0.5463906581740976
260,MTK00213,3.0,0.7666666666666667,0.7057003575818527
261,MTK00215,1.0,0.45,0.35997876857749467
262,MTK00215,2.0,0.5666666666666667,0.5463906581740976
263,MTK00215,3.0,0.6083333333333333,0.7057003575818527
264,MTK00217,1.0,0.26666666666666666,0.35997876857749467
265,MTK00217,2.0,0.65,0.5463906581740976
266,MTK00217,3.0,0.6833333333333333,0.7057003575818527
267,MTK00219,1.0,0.21666666666666665,0.35997876857749467
268,MTK00219,2.0,0.31666666666666665,0.5463906581740976
269,MTK00219,3.0,0.5583333333333333,0.7057003575818527
270,MTK00221,1.0,0.21666666666666665,0.35997876857749467
271,MTK00221,2.0,0.45,0.5463906581740976
272,MTK00221,3.0,0.6416666666666667,0.7057003575818527
273,MTK00222,1.0,0.5166666666666666,0.35997876857749467
274,MTK00222,2.0,0.6333333333333333,0.5463906581740976
275,MTK00222,3.0,0.7166666666666667,0.7057003575818527
276,MTK00224,1.0,0.6166666666666666,0.35997876857749467
277,MTK00224,2.0,0.7833333333333333,0.5463906581740976
278,MTK00224,3.0,0.7916666666666667,0.7057003575818527
279,MTK00225,1.0,0.3,0.35997876857749467
280,MTK00225,2.0,0.4666666666666666,0.5463906581740976
281,MTK00225,3.0,0.8333333333333334,0.7057003575818527
282,MTK00227,1.0,0.16666666666666666,0.35997876857749467
283,MTK00227,2.0,0.55,0.5463906581740976
284,MTK00227,3.0,0.7583333333333333,0.7057003575818527
285,MTK00228,1.0,0.18333333333333332,0.35997876857749467
286,MTK00228,2.0,0.4333333333333333,0.5463906581740976
287,MTK00228,3.0,0.5666666666666667,0.7057003575818527
288,MTK00229,1.0,0.15,0.35997876857749467
289,MTK00229,2.0,0.41666666666666663,0.5463906581740976
290,MTK00229,3.0,0.4916666666666667,0.7057003575818527
291,MTK00230,1.0,0.6333333333333333,0.35997876857749467
292,MTK00230,2.0,0.6333333333333333,0.5463906581740976
293,MTK00230,3.0,0.825,0.7057003575818527
294,MTK00231,1.0,0.6166666666666666,0.35997876857749467
295,MTK00231,2.0,0.7,0.5463906581740976
296,MTK00231,3.0,0.6916666666666667,0.7057003575818527
297,MTK00232,1.0,0.4666666666666666,0.35997876857749467
298,MTK00232,2.0,0.55,0.5463906581740976
299,MTK00232,3.0,0.7416666666666667,0.7057003575818527
300,MTK00233,1.0,0.7,0.35997876857749467
301,MTK00233,2.0,0.7166666666666666,0.5463906581740976
302,MTK00233,3.0,0.7416666666666667,0.7057003575818527
303,MTK00234,1.0,0.2333333333333333,0.35997876857749467
304,MTK00234,2.0,0.4833333333333333,0.5463906581740976
305,MTK00234,3.0,0.5833333333333333,0.7057003575818527
306,MTK00235,1.0,0.26666666666666666,0.35997876857749467
307,MTK00235,2.0,0.65,0.5463906581740976
308,MTK00235,3.0,0.6833333333333333,0.7057003575818527
309,MTK00236,1.0,0.31666666666666665,0.35997876857749467
310,MTK00236,2.0,0.5,0.5463906581740976
311,MTK00236,3.0,0.5583333333333333,0.7057003575818527
312,MTK00237,1.0,0.5333333333333333,0.35997876857749467
313,MTK00237,2.0,0.8666666666666666,0.5463906581740976
314,MTK00237,3.0,0.9,0.7057003575818527
315,MTK00238,1.0,0.21666666666666665,0.35997876857749467
316,MTK00238,2.0,0.4666666666666666,0.5463906581740976
317,MTK00238,3.0,0.8333333333333334,0.7057003575818527
318,MTK00239,1.0,0.8,0.35997876857749467
319,MTK00239,2.0,0.95,0.5463906581740976
320,MTK00239,3.0,0.9833333333333334,0.7057003575818527
321,MTK00240,1.0,0.2,0.35997876857749467
322,MTK00240,2.0,0.35,0.5463906581740976
323,MTK00240,3.0,0.6666666666666667,0.7057003575818527
324,MTK00241,1.0,0.41666666666666663,0.35997876857749467
325,MTK00241,2.0,0.7,0.5463906581740976
326,MTK00241,3.0,0.7833333333333334,0.7057003575818527
327,MTK00243,1.0,0.6666666666666666,0.35997876857749467
328,MTK00243,2.0,0.7833333333333333,0.5463906581740976
329,MTK00243,3.0,0.875,0.7057003575818527
330,MTK00244,1.0,0.18333333333333332,0.35997876857749467
331,MTK00244,2.0,0.31666666666666665,0.5463906581740976
332,MTK00244,3.0,0.7083333333333333,0.7057003575818527
333,MTK00245,1.0,0.45,0.35997876857749467
334,MTK00245,2.0,0.55,0.5463906581740976
335,MTK00245,3.0,0.775,0.7057003575818527
336,MTK00247,1.0,0.45,0.35997876857749467
337,MTK00247,2.0,0.55,0.5463906581740976
338,MTK00247,3.0,0.775,0.7057003575818527
339,MTK00248,1.0,0.4666666666666667,0.35997876857749467
340,MTK00248,2.0,0.55,0.5463906581740976
341,MTK00248,3.0,0.7083333333333333,0.7057003575818527
342,MTK00249,1.0,0.26666666666666666,0.35997876857749467
343,MTK00249,2.0,0.4666666666666666,0.5463906581740976
344,MTK00249,3.0,0.8,0.7057003575818527
345,MTK00250,1.0,0.5166666666666666,0.35997876857749467
346,MTK00250,2.0,0.8833333333333334,0.5463906581740976
347,MTK00250,3.0,0.8916666666666666,0.7057003575818527
348,MTK00251,1.0,0.55,0.35997876857749467
349,MTK00251,2.0,0.6333333333333333,0.5463906581740976
350,MTK00251,3.0,0.75,0.7057003575818527
351,MTK00253,1.0,0.06666666666666667,0.35997876857749467
352,MTK00253,2.0,0.4,0.5463906581740976
353,MTK00253,3.0,0.55,0.7057003575818527
354,MTK00254,1.0,0.19999999999999998,0.35997876857749467
355,MTK00254,2.0,0.3833333333333333,0.5463906581740976
356,MTK00254,3.0,0.6833333333333333,0.7057003575818527
357,MTK00256,1.0,0.8,0.35997876857749467
358,MTK00256,2.0,0.95,0.5463906581740976
359,MTK00256,3.0,0.9833333333333334,0.7057003575818527
360,MTK00257,1.0,0.08333333333333333,0.35997876857749467
361,MTK00257,2.0,0.31666666666666665,0.5463906581740976
362,MTK00257,3.0,0.375,0.7057003575818527
363,MTK00261,1.0,0.3333333333333333,0.35997876857749467
364,MTK00261,2.0,0.6,0.5463906581740976
365,MTK00261,3.0,0.7583333333333333,0.7057003575818527
366,MTK00263,1.0,0.15,0.35997876857749467
367,MTK00263,2.0,0.39999999999999997,0.5463906581740976
368,MTK00263,3.0,0.4083333333333333,0.7057003575818527
369,MTK00264,1.0,0.5666666666666667,0.35997876857749467
370,MTK00264,2.0,0.7333333333333333,0.5463906581740976
371,MTK00264,3.0,0.8166666666666667,0.7057003575818527
372,MTK00266,1.0,0.21666666666666665,0.35997876857749467
373,MTK00266,2.0,0.4666666666666666,0.5463906581740976
374,MTK00266,3.0,0.8333333333333334,0.7057003575818527
375,MTK00267,1.0,0.2333333333333333,0.35997876857749467
376,MTK00267,2.0,0.5166666666666666,0.5463906581740976
377,MTK00267,3.0,0.5583333333333333,0.7057003575818527
378,MTK00268,1.0,0.21666666666666665,0.35997876857749467
379,MTK00268,2.0,0.7166666666666666,0.5463906581740976
380,MTK00268,3.0,0.8583333333333334,0.7057003575818527
381,MTK00269,1.0,0.21666666666666665,0.35997876857749467
382,MTK00269,2.0,0.3833333333333333,0.5463906581740976
383,MTK00269,3.0,0.5083333333333333,0.7057003575818527
384,MTK00270,1.0,0.2,0.35997876857749467
385,MTK00270,2.0,0.3333333333333333,0.5463906581740976
386,MTK00270,3.0,0.475,0.7057003575818527
387,MTK00271,1.0,0.31666666666666665,0.35997876857749467
388,MTK00271,2.0,0.4333333333333333,0.5463906581740976
389,MTK00271,3.0,0.6916666666666667,0.7057003575818527
390,MTK00272,1.0,0.5166666666666666,0.35997876857749467
391,MTK00272,2.0,0.6333333333333333,0.5463906581740976
392,MTK00272,3.0,0.7166666666666667,0.7057003575818527
393,MTK00273,1.0,0.4,0.35997876857749467
394,MTK00273,2.0,0.6333333333333333,0.5463906581740976
395,MTK00273,3.0,0.85,0.7057003575818527
396,MTK00274,1.0,0.41666666666666663,0.35997876857749467
397,MTK00274,2.0,0.5,0.5463906581740976
398,MTK00274,3.0,0.6416666666666667,0.7057003575818527
399,MTK00275,1.0,0.2333333333333333,0.35997876857749467
400,MTK00275,2.0,0.35,0.5463906581740976
401,MTK00275,3.0,0.5666666666666667,0.7057003575818527
402,MTK00277,1.0,0.2833333333333333,0.35997876857749467
403,MTK00277,2.0,0.25,0.5463906581740976
404,MTK00277,3.0,0.475,0.7057003575818527
405,MTK00282,1.0,0.8833333333333334,0.35997876857749467
406,MTK00282,2.0,0.7333333333333333,0.5463906581740976
407,MTK00282,3.0,0.8083333333333333,0.7057003575818527
408,MTK00284,1.0,0.2,0.35997876857749467
409,MTK00284,2.0,0.3333333333333333,0.5463906581740976
410,MTK00284,3.0,0.475,0.7057003575818527
411,MTK00290,1.0,0.13333333333333333,0.35997876857749467
412,MTK00290,2.0,0.4,0.5463906581740976
413,MTK00290,3.0,0.6666666666666666,0.7057003575818527
414,MTK00298,1.0,0.8833333333333334,0.35997876857749467
415,MTK00298,2.0,0.9833333333333334,0.5463906581740976
416,MTK00298,3.0,0.95,0.7057003575818527
417,MTK00301,1.0,0.3833333333333333,0.35997876857749467
418,MTK00301,2.0,0.4,0.5463906581740976
419,MTK00301,3.0,0.6333333333333333,0.7057003575818527
420,MTK00307,1.0,0.26666666666666666,0.35997876857749467
421,MTK00307,2.0,0.4333333333333333,0.5463906581740976
422,MTK00307,3.0,0.625,0.7057003575818527
423,MTK00308,1.0,0.45,0.35997876857749467
424,MTK00308,2.0,0.7666666666666667,0.5463906581740976
425,MTK00308,3.0,0.9416666666666667,0.7057003575818527
426,MTK00312,1.0,0.11666666666666665,0.35997876857749467
427,MTK00312,2.0,0.41666666666666663,0.5463906581740976
428,MTK00312,3.0,0.575,0.7057003575818527
429,MTK00313,1.0,0.21666666666666665,0.35997876857749467
430,MTK00313,2.0,0.3833333333333333,0.5463906581740976
431,MTK00313,3.0,0.6666666666666667,0.7057003575818527
432,MTK00315,1.0,0.4333333333333333,0.35997876857749467
433,MTK00315,2.0,0.6166666666666666,0.5463906581740976
434,MTK00315,3.0,0.7583333333333333,0.7057003575818527
435,MTK00317,1.0,0.3333333333333333,0.35997876857749467
436,MTK00317,2.0,0.55,0.5463906581740976
437,MTK00317,3.0,0.5416666666666667,0.7057003575818527
438,MTK00318,1.0,0.85,0.35997876857749467
439,MTK00318,2.0,0.7833333333333333,0.5463906581740976
440,MTK00318,3.0,0.775,0.7057003575818527
441,MTK00319,1.0,0.4666666666666666,0.35997876857749467
442,MTK00319,2.0,0.7,0.5463906581740976
443,MTK00319,3.0,0.825,0.7057003575818527
444,MTK00320,1.0,0.5333333333333333,0.35997876857749467
445,MTK00320,2.0,0.5333333333333333,0.5463906581740976
446,MTK00320,3.0,0.775,0.7057003575818527
447,MTK00322,1.0,0.15,0.35997876857749467
448,MTK00322,2.0,0.41666666666666663,0.5463906581740976
449,MTK00322,3.0,0.4916666666666667,0.7057003575818527
450,MTK00323,1.0,0.25,0.35997876857749467
451,MTK00323,2.0,0.3833333333333333,0.5463906581740976
452,MTK00323,3.0,0.675,0.7057003575818527
453,MTK00324,1.0,0.2333333333333333,0.35997876857749467
454,MTK00324,2.0,0.5166666666666666,0.5463906581740976
455,MTK00324,3.0,0.5583333333333333,0.7057003575818527
456,MTK00325,1.0,0.2833333333333333,0.35997876857749467
457,MTK00325,2.0,0.5666666666666667,0.5463906581740976
458,MTK00325,3.0,0.6833333333333333,0.7057003575818527
459,MTK00326,1.0,0.5333333333333333,0.35997876857749467
460,MTK00326,2.0,0.6166666666666666,0.5463906581740976
461,MTK00326,3.0,0.825,0.7057003575818527
462,MTK00327,1.0,0.2333333333333333,0.35997876857749467
463,MTK00327,2.0,0.41666666666666663,0.5463906581740976
464,MTK00327,3.0,0.625,0.7057003575818527
465,MTK00328,1.0,0.3833333333333333,0.35997876857749467
466,MTK00328,2.0,0.4,0.5463906581740976
467,MTK00328,3.0,0.6333333333333333,0.7057003575818527
468,MTK00330,1.0,0.5,0.35997876857749467
469,MTK00330,2.0,0.6166666666666666,0.5463906581740976
470,MTK00330,3.0,0.725,0.7057003575818527
471,MTK00331,1.0,0.36666666666666664,0.35997876857749467
472,MTK00331,2.0,0.55,0.5463906581740976
473,MTK00331,3.0,0.5666666666666667,0.7057003575818527
474,MTK00332,1.0,0.85,0.35997876857749467
475,MTK00332,2.0,0.7833333333333333,0.5463906581740976
476,MTK00332,3.0,0.775,0.7057003575818527
477,MTK00333,1.0,0.3833333333333333,0.35997876857749467
478,MTK00333,2.0,0.5666666666666667,0.5463906581740976
479,MTK00333,3.0,0.8416666666666666,0.7057003575818527
480,MTK00335,1.0,0.26666666666666666,0.35997876857749467
481,MTK00335,2.0,0.6166666666666666,0.5463906581740976
482,MTK00335,3.0,0.7583333333333333,0.7057003575818527
483,MTK00336,1.0,0.18333333333333332,0.35997876857749467
484,MTK00336,2.0,0.2833333333333333,0.5463906581740976
485,MTK00336,3.0,0.6083333333333333,0.7057003575818527
486,MTK00337,1.0,0.21666666666666665,0.35997876857749467
487,MTK00337,2.0,0.55,0.5463906581740976
488,MTK00337,3.0,0.7166666666666667,0.7057003575818527
489,MTK00338,1.0,0.3,0.35997876857749467
490,MTK00338,2.0,0.5833333333333333,0.5463906581740976
491,MTK00338,3.0,0.6916666666666667,0.7057003575818527
492,MTK00339,1.0,0.2,0.35997876857749467
493,MTK00339,2.0,0.5166666666666666,0.5463906581740976
494,MTK00339,3.0,0.7,0.7057003575818527
495,MTK00340,1.0,0.31666666666666665,0.35997876857749467
496,MTK00340,2.0,0.4333333333333333,0.5463906581740976
497,MTK00340,3.0,0.6583333333333333,0.7057003575818527
498,MTK00342,1.0,0.75,0.35997876857749467
499,MTK00342,2.0,0.9166666666666666,0.5463906581740976
500,MTK00342,3.0,0.9166666666666666,0.7057003575818527
501,MTK00343,1.0,0.16666666666666666,0.35997876857749467
502,MTK00343,2.0,0.55,0.5463906581740976
503,MTK00343,3.0,0.8166666666666667,0.7057003575818527
504,MTK00344,1.0,0.2833333333333333,0.35997876857749467
505,MTK00344,2.0,0.25,0.5463906581740976
506,MTK00344,3.0,0.475,0.7057003575818527
507,MTK00345,1.0,0.2333333333333333,0.35997876857749467
508,MTK00345,2.0,0.45,0.5463906581740976
509,MTK00345,3.0,0.6916666666666667,0.7057003575818527
510,MTK00346,1.0,0.21666666666666665,0.35997876857749467
511,MTK00346,2.0,0.3833333333333333,0.5463906581740976
512,MTK00346,3.0,0.6666666666666667,0.7057003575818527
513,MTK00347,1.0,0.3833333333333333,0.35997876857749467
514,MTK00347,2.0,0.5666666666666667,0.5463906581740976
515,MTK00347,3.0,0.8416666666666666,0.7057003575818527
516,MTK00348,1.0,0.2333333333333333,0.35997876857749467
517,MTK00348,2.0,0.36666666666666664,0.5463906581740976
518,MTK00348,3.0,0.525,0.7057003575818527
519,MTK00349,1.0,0.21666666666666665,0.35997876857749467
520,MTK00349,2.0,0.55,0.5463906581740976
521,MTK00349,3.0,0.7666666666666667,0.7057003575818527
522,MTK00350,1.0,0.26666666666666666,0.35997876857749467
523,MTK00350,2.0,0.4333333333333333,0.5463906581740976
524,MTK00350,3.0,0.625,0.7057003575818527
525,MTK00351,1.0,0.2833333333333333,0.35997876857749467
526,MTK00351,2.0,0.45,0.5463906581740976
527,MTK00351,3.0,0.6666666666666666,0.7057003575818527
528,MTK00352,1.0,0.36666666666666664,0.35997876857749467
529,MTK00352,2.0,0.7166666666666666,0.5463906581740976
530,MTK00352,3.0,0.8166666666666667,0.7057003575818527
531,MTK00353,1.0,0.2333333333333333,0.35997876857749467
532,MTK00353,2.0,0.4,0.5463906581740976
533,MTK00353,3.0,0.6,0.7057003575818527
534,MTK00354,1.0,0.3833333333333333,0.35997876857749467
535,MTK00354,2.0,0.5333333333333333,0.5463906581740976
536,MTK00354,3.0,0.6666666666666667,0.7057003575818527
537,MTK00355,1.0,0.26666666666666666,0.35997876857749467
538,MTK00355,2.0,0.3333333333333333,0.5463906581740976
539,MTK00355,3.0,0.5166666666666667,0.7057003575818527
540,MTK00356,1.0,0.08333333333333333,0.35997876857749467
541,MTK00356,2.0,0.15,0.5463906581740976
542,MTK00356,3.0,0.26666666666666666,0.7057003575818527
543,MTK00357,1.0,0.35,0.35997876857749467
544,MTK00357,2.0,0.5,0.5463906581740976
545,MTK00357,3.0,0.6083333333333333,0.7057003575818527
546,MTK00360,1.0,0.31666666666666665,0.35997876857749467
547,MTK00360,2.0,0.4333333333333333,0.5463906581740976
548,MTK00360,3.0,0.6916666666666667,0.7057003575818527
549,MTK00367,1.0,0.4833333333333333,0.35997876857749467
550,MTK00367,2.0,0.5166666666666666,0.5463906581740976
551,MTK00367,3.0,0.7666666666666667,0.7057003575818527
552,MTK00368,1.0,0.6166666666666666,0.35997876857749467
553,MTK00368,2.0,0.8,0.5463906581740976
554,MTK00368,3.0,0.8833333333333334,0.7057003575818527
555,MTK00375,1.0,0.2,0.35997876857749467
556,MTK00375,2.0,0.5166666666666666,0.5463906581740976
557,MTK00375,3.0,0.7,0.7057003575818527
558,MTK00376,1.0,0.6166666666666666,0.35997876857749467
559,MTK00376,2.0,0.7,0.5463906581740976
560,MTK00376,3.0,0.6916666666666667,0.7057003575818527
561,MTK00378,1.0,0.4666666666666666,0.35997876857749467
562,MTK00378,2.0,0.7,0.5463906581740976
563,MTK00378,3.0,0.825,0.7057003575818527
564,MTK00382,1.0,0.36666666666666664,0.35997876857749467
565,MTK00382,2.0,0.6,0.5463906581740976
566,MTK00382,3.0,0.75,0.7057003575818527
567,MTK00383,1.0,0.2833333333333333,0.35997876857749467
568,MTK00383,2.0,0.5666666666666667,0.5463906581740976
569,MTK00383,3.0,0.6833333333333333,0.7057003575818527
570,MTK00384,1.0,0.4333333333333333,0.35997876857749467
571,MTK00384,2.0,0.4833333333333333,0.5463906581740976
572,MTK00384,3.0,0.6083333333333333,0.7057003575818527
573,MTK00385,1.0,0.31666666666666665,0.35997876857749467
574,MTK00385,2.0,0.5333333333333333,0.5463906581740976
575,MTK00385,3.0,0.7416666666666667,0.7057003575818527
576,MTK00386,1.0,0.16666666666666666,0.35997876857749467
577,MTK00386,2.0,0.4333333333333333,0.5463906581740976
578,MTK00386,3.0,0.5916666666666667,0.7057003575818527
579,MTK00388,1.0,0.21666666666666665,0.35997876857749467
580,MTK00388,2.0,0.3833333333333333,0.5463906581740976
581,MTK00388,3.0,0.4833333333333333,0.7057003575818527
582,MTK00390,1.0,0.5666666666666667,0.35997876857749467
583,MTK00390,2.0,0.65,0.5463906581740976
584,MTK00390,3.0,0.825,0.7057003575818527
585,MTK00391,1.0,0.31666666666666665,0.35997876857749467
586,MTK00391,2.0,0.4833333333333333,0.5463906581740976
587,MTK00391,3.0,0.5333333333333333,0.7057003575818527
588,MTK00393,1.0,0.4666666666666666,0.35997876857749467
589,MTK00393,2.0,0.4833333333333333,0.5463906581740976
590,MTK00393,3.0,0.65,0.7057003575818527
591,MTK00394,1.0,0.6666666666666666,0.35997876857749467
592,MTK00394,2.0,0.8,0.5463906581740976
593,MTK00394,3.0,0.7416666666666667,0.7057003575818527
594,MTK00395,1.0,0.7666666666666666,0.35997876857749467
595,MTK00395,2.0,0.9666666666666666,0.5463906581740976
596,MTK00395,3.0,0.9666666666666666,0.7057003575818527
597,MTK00396,1.0,0.36666666666666664,0.35997876857749467
598,MTK00396,2.0,0.55,0.5463906581740976
599,MTK00396,3.0,0.5666666666666667,0.7057003575818527
600,MTK00397,1.0,0.3833333333333333,0.35997876857749467
601,MTK00397,2.0,0.5166666666666666,0.5463906581740976
602,MTK00397,3.0,0.85,0.7057003575818527
603,MTK00398,1.0,0.2833333333333333,0.35997876857749467
604,MTK00398,2.0,0.6,0.5463906581740976
605,MTK00398,3.0,0.6916666666666667,0.7057003575818527
606,MTK00399,1.0,0.4,0.35997876857749467
607,MTK00399,2.0,0.6166666666666666,0.5463906581740976
608,MTK00399,3.0,0.8166666666666667,0.7057003575818527
609,MTK00400,1.0,0.4333333333333333,0.35997876857749467
610,MTK00400,2.0,0.7166666666666667,0.5463906581740976
611,MTK00400,3.0,0.8833333333333334,0.7057003575818527
612,MTK00401,1.0,0.4,0.35997876857749467
613,MTK00401,2.0,0.6833333333333333,0.5463906581740976
614,MTK00401,3.0,0.8416666666666666,0.7057003575818527
615,MTK00402,1.0,0.5166666666666666,0.35997876857749467
616,MTK00402,2.0,0.7,0.5463906581740976
617,MTK00402,3.0,0.9083333333333334,0.7057003575818527
618,MTK00403,1.0,0.6,0.35997876857749467
619,MTK00403,2.0,0.75,0.5463906581740976
620,MTK00403,3.0,0.875,0.7057003575818527
621,MTK00404,1.0,0.18333333333333332,0.35997876857749467
622,MTK00404,2.0,0.4333333333333333,0.5463906581740976
623,MTK00404,3.0,0.6666666666666666,0.7057003575818527
624,MTK00405,1.0,0.4833333333333333,0.35997876857749467
625,MTK00405,2.0,0.5166666666666666,0.5463906581740976
626,MTK00405,3.0,0.7666666666666667,0.7057003575818527
627,MTK00406,1.0,0.45,0.35997876857749467
628,MTK00406,2.0,0.5666666666666667,0.5463906581740976
629,MTK00406,3.0,0.6083333333333333,0.7057003575818527
630,MTK00408,1.0,0.21666666666666665,0.35997876857749467
631,MTK00408,2.0,0.31666666666666665,0.5463906581740976
632,MTK00408,3.0,0.5583333333333333,0.7057003575818527
633,MTK00409,1.0,0.3833333333333333,0.35997876857749467
634,MTK00409,2.0,0.5333333333333333,0.5463906581740976
635,MTK00409,3.0,0.6666666666666667,0.7057003575818527
636,MTK00410,1.0,0.6166666666666666,0.35997876857749467
637,MTK00410,2.0,0.7833333333333333,0.5463906581740976
638,MTK00410,3.0,0.7916666666666667,0.7057003575818527
639,MTK00411,1.0,0.3,0.35997876857749467
640,MTK00411,2.0,0.4666666666666666,0.5463906581740976
641,MTK00411,3.0,0.8333333333333334,0.7057003575818527
642,MTK00413,1.0,0.16666666666666666,0.35997876857749467
643,MTK00413,2.0,0.55,0.5463906581740976
644,MTK00413,3.0,0.7583333333333333,0.7057003575818527
645,MTK00414,1.0,0.18333333333333332,0.35997876857749467
646,MTK00414,2.0,0.4333333333333333,0.5463906581740976
647,MTK00414,3.0,0.5666666666666667,0.7057003575818527
648,MTK00415,1.0,0.4666666666666666,0.35997876857749467
649,MTK00415,2.0,0.55,0.5463906581740976
650,MTK00415,3.0,0.7416666666666667,0.7057003575818527
651,MTK00416,1.0,0.7,0.35997876857749467
652,MTK00416,2.0,0.7166666666666666,0.5463906581740976
653,MTK00416,3.0,0.7416666666666667,0.7057003575818527
654,MTK00417,1.0,0.31666666666666665,0.35997876857749467
655,MTK00417,2.0,0.5,0.5463906581740976
656,MTK00417,3.0,0.5583333333333333,0.7057003575818527
657,MTK00418,1.0,0.5333333333333333,0.35997876857749467
658,MTK00418,2.0,0.8666666666666666,0.5463906581740976
659,MTK00418,3.0,0.9,0.7057003575818527
660,MTK00419,1.0,0.2,0.35997876857749467
661,MTK00419,2.0,0.35,0.5463906581740976
662,MTK00419,3.0,0.6666666666666667,0.7057003575818527
663,MTK00420,1.0,0.41666666666666663,0.35997876857749467
664,MTK00420,2.0,0.7,0.5463906581740976
665,MTK00420,3.0,0.7833333333333334,0.7057003575818527
666,MTK00421,1.0,0.4666666666666666,0.35997876857749467
667,MTK00421,2.0,0.7,0.5463906581740976
668,MTK00421,3.0,0.825,0.7057003575818527
669,MTK00422,1.0,0.6666666666666666,0.35997876857749467
670,MTK00422,2.0,0.7833333333333333,0.5463906581740976
671,MTK00422,3.0,0.875,0.7057003575818527
672,MTK00423,1.0,0.18333333333333332,0.35997876857749467
673,MTK00423,2.0,0.31666666666666665,0.5463906581740976
674,MTK00423,3.0,0.7083333333333333,0.7057003575818527
675,MTK00426,1.0,0.26666666666666666,0.35997876857749467
676,MTK00426,2.0,0.4666666666666666,0.5463906581740976
677,MTK00426,3.0,0.8,0.7057003575818527
678,MTK00428,1.0,0.06666666666666667,0.35997876857749467
679,MTK00428,2.0,0.4,0.5463906581740976
680,MTK00428,3.0,0.55,0.7057003575818527
681,MTK00429,1.0,0.19999999999999998,0.35997876857749467
682,MTK00429,2.0,0.3833333333333333,0.5463906581740976
683,MTK00429,3.0,0.6833333333333333,0.7057003575818527
684,MTK00435,1.0,0.5666666666666667,0.35997876857749467
685,MTK00435,2.0,0.7333333333333333,0.5463906581740976
686,MTK00435,3.0,0.8166666666666667,0.7057003575818527
687,MTK00439,1.0,0.4,0.35997876857749467
688,MTK00439,2.0,0.6333333333333333,0.5463906581740976
689,MTK00439,3.0,0.85,0.7057003575818527
690,MTK00440,1.0,0.41666666666666663,0.35997876857749467
691,MTK00440,2.0,0.5,0.5463906581740976
692,MTK00440,3.0,0.6416666666666667,0.7057003575818527
693,MTK00441,1.0,0.25,0.35997876857749467
694,MTK00441,2.0,0.3833333333333333,0.5463906581740976
695,MTK00441,3.0,0.675,0.7057003575818527
696,MTK00442,1.0,0.45,0.35997876857749467
697,MTK00442,2.0,0.5666666666666667,0.5463906581740976
698,MTK00442,3.0,0.6083333333333333,0.7057003575818527
699,MTK00443,1.0,0.2333333333333333,0.35997876857749467
700,MTK00443,2.0,0.41666666666666663,0.5463906581740976
701,MTK00443,3.0,0.625,0.7057003575818527
702,MTK00445,1.0,0.5,0.35997876857749467
703,MTK00445,2.0,0.6166666666666666,0.5463906581740976
704,MTK00445,3.0,0.725,0.7057003575818527
705,MTK00446,1.0,0.11666666666666667,0.35997876857749467
706,MTK00446,2.0,0.3833333333333333,0.5463906581740976
707,MTK00446,3.0,0.5,0.7057003575818527
708,MTK00447,1.0,0.3833333333333333,0.35997876857749467
709,MTK00447,2.0,0.5666666666666667,0.5463906581740976
710,MTK00447,3.0,0.8416666666666666,0.7057003575818527
711,MTK00449,1.0,0.26666666666666666,0.35997876857749467
712,MTK00449,2.0,0.6166666666666666,0.5463906581740976
713,MTK00449,3.0,0.7583333333333333,0.7057003575818527
714,MTK00450,1.0,0.21666666666666665,0.35997876857749467
715,MTK00450,2.0,0.55,0.5463906581740976
716,MTK00450,3.0,0.7166666666666667,0.7057003575818527
717,MTK00451,1.0,0.3,0.35997876857749467
718,MTK00451,2.0,0.5833333333333333,0.5463906581740976
719,MTK00451,3.0,0.6916666666666667,0.7057003575818527
720,MTK00452,1.0,0.2,0.35997876857749467
721,MTK00452,2.0,0.5166666666666666,0.5463906581740976
722,MTK00452,3.0,0.7,0.7057003575818527
723,MTK00453,1.0,0.31666666666666665,0.35997876857749467
724,MTK00453,2.0,0.4333333333333333,0.5463906581740976
725,MTK00453,3.0,0.6583333333333333,0.7057003575818527
726,MTK00454,1.0,0.75,0.35997876857749467
727,MTK00454,2.0,0.9166666666666666,0.5463906581740976
728,MTK00454,3.0,0.9166666666666666,0.7057003575818527
729,MTK00455,1.0,0.16666666666666666,0.35997876857749467
730,MTK00455,2.0,0.55,0.5463906581740976
731,MTK00455,3.0,0.8166666666666667,0.7057003575818527
732,MTK00456,1.0,0.2333333333333333,0.35997876857749467
733,MTK00456,2.0,0.45,0.5463906581740976
734,MTK00456,3.0,0.6916666666666667,0.7057003575818527
735,MTK00457,1.0,0.41666666666666663,0.35997876857749467
736,MTK00457,2.0,0.7,0.5463906581740976
737,MTK00457,3.0,0.7833333333333334,0.7057003575818527
738,MTK00458,1.0,0.21666666666666665,0.35997876857749467
739,MTK00458,2.0,0.55,0.5463906581740976
740,MTK00458,3.0,0.7666666666666667,0.7057003575818527
741,MTK00459,1.0,0.2833333333333333,0.35997876857749467
742,MTK00459,2.0,0.45,0.5463906581740976
743,MTK00459,3.0,0.6666666666666666,0.7057003575818527
744,MTK00460,1.0,0.36666666666666664,0.35997876857749467
745,MTK00460,2.0,0.7166666666666666,0.5463906581740976
746,MTK00460,3.0,0.8166666666666667,0.7057003575818527
747,MTK00461,1.0,0.2333333333333333,0.35997876857749467
748,MTK00461,2.0,0.4,0.5463906581740976
749,MTK00461,3.0,0.6,0.7057003575818527
750,MTK00462,1.0,0.3833333333333333,0.35997876857749467
751,MTK00462,2.0,0.5333333333333333,0.5463906581740976
752,MTK00462,3.0,0.6666666666666667,0.7057003575818527
753,MTK00463,1.0,0.26666666666666666,0.35997876857749467
754,MTK00463,2.0,0.3333333333333333,0.5463906581740976
755,MTK00463,3.0,0.5166666666666667,0.7057003575818527
756,MTK00466,1.0,0.36666666666666664,0.35997876857749467
757,MTK00466,2.0,0.8,0.5463906581740976
758,MTK00466,3.0,0.85,0.7057003575818527
759,MTK00469,1.0,0.4333333333333333,0.35997876857749467
760,MTK00469,2.0,0.7166666666666667,0.5463906581740976
761,MTK00469,3.0,0.8833333333333334,0.7057003575818527
762,MTK00475,1.0,0.2833333333333333,0.35997876857749467
763,MTK00475,2.0,0.45,0.5463906581740976
764,MTK00475,3.0,0.7333333333333333,0.7057003575818527
765,MTK00480,1.0,0.5166666666666666,0.35997876857749467
766,MTK00480,2.0,0.7,0.5463906581740976
767,MTK00480,3.0,0.9083333333333334,0.7057003575818527
768,MTK00486,1.0,0.15,0.35997876857749467
769,MTK00486,2.0,0.5666666666666667,0.5463906581740976
770,MTK00486,3.0,0.8083333333333333,0.7057003575818527
771,MTK00491,1.0,0.16666666666666666,0.35997876857749467
772,MTK00491,2.0,0.3,0.5463906581740976
773,MTK00491,3.0,0.7083333333333333,0.7057003575818527
774,MTK00498,1.0,0.5,0.35997876857749467
775,MTK00498,2.0,0.6166666666666666,0.5463906581740976
776,MTK00498,3.0,0.725,0.7057003575818527
777,MTK00501,1.0,0.7666666666666666,0.35997876857749467
778,MTK00501,2.0,0.9666666666666666,0.5463906581740976
779,MTK00501,3.0,0.9666666666666666,0.7057003575818527
780,MTK00529,1.0,0.35,0.35997876857749467
781,MTK00529,2.0,0.36666666666666664,0.5463906581740976
782,MTK00529,3.0,0.5666666666666667,0.7057003575818527
783,MTK00531,1.0,0.18333333333333332,0.35997876857749467
784,MTK00531,2.0,0.26666666666666666,0.5463906581740976
785,MTK00531,3.0,0.6416666666666667,0.7057003575818527
786,MTK00543,1.0,0.25,0.35997876857749467
787,MTK00543,2.0,0.31666666666666665,0.5463906581740976
788,MTK00543,3.0,0.65,0.7057003575818527
789,MTK00582,1.0,0.31666666666666665,0.35997876857749467
790,MTK00582,2.0,0.4333333333333333,0.5463906581740976
791,MTK00582,3.0,0.6916666666666667,0.7057003575818527
792,MTK00594,1.0,0.6166666666666666,0.35997876857749467
793,MTK00594,2.0,0.7,0.5463906581740976
794,MTK00594,3.0,0.6916666666666667,0.7057003575818527
795,MTK00598,1.0,0.31666666666666665,0.35997876857749467
796,MTK00598,2.0,0.5333333333333333,0.5463906581740976
797,MTK00598,3.0,0.7416666666666667,0.7057003575818527
798,MTK00599,1.0,0.16666666666666666,0.35997876857749467
799,MTK00599,2.0,0.4333333333333333,0.5463906581740976
800,MTK00599,3.0,0.5916666666666667,0.7057003575818527
801,MTK00601,1.0,0.5666666666666667,0.35997876857749467
802,MTK00601,2.0,0.65,0.5463906581740976
803,MTK00601,3.0,0.825,0.7057003575818527
804,MTK00602,1.0,0.31666666666666665,0.35997876857749467
805,MTK00602,2.0,0.4833333333333333,0.5463906581740976
806,MTK00602,3.0,0.5333333333333333,0.7057003575818527
807,MTK00604,1.0,0.4666666666666666,0.35997876857749467
808,MTK00604,2.0,0.4833333333333333,0.5463906581740976
809,MTK00604,3.0,0.65,0.7057003575818527
810,MTK00605,1.0,0.6666666666666666,0.35997876857749467
811,MTK00605,2.0,0.8,0.5463906581740976
812,MTK00605,3.0,0.7416666666666667,0.7057003575818527
813,MTK00606,1.0,0.2833333333333333,0.35997876857749467
814,MTK00606,2.0,0.6,0.5463906581740976
815,MTK00606,3.0,0.6916666666666667,0.7057003575818527
816,MTK00607,1.0,0.4,0.35997876857749467
817,MTK00607,2.0,0.6166666666666666,0.5463906581740976
818,MTK00607,3.0,0.8166666666666667,0.7057003575818527
819,MTK00608,1.0,0.4,0.35997876857749467
820,MTK00608,2.0,0.6833333333333333,0.5463906581740976
821,MTK00608,3.0,0.8416666666666666,0.7057003575818527
822,MTK00609,1.0,0.6,0.35997876857749467
823,MTK00609,2.0,0.75,0.5463906581740976
824,MTK00609,3.0,0.875,0.7057003575818527
825,MTK00610,1.0,0.18333333333333332,0.35997876857749467
826,MTK00610,2.0,0.4333333333333333,0.5463906581740976
827,MTK00610,3.0,0.6666666666666666,0.7057003575818527
828,MTK00612,1.0,0.3,0.35997876857749467
829,MTK00612,2.0,0.4666666666666666,0.5463906581740976
830,MTK00612,3.0,0.8333333333333334,0.7057003575818527
831,MTK00613,1.0,0.4666666666666666,0.35997876857749467
832,MTK00613,2.0,0.55,0.5463906581740976
833,MTK00613,3.0,0.7416666666666667,0.7057003575818527
834,MTK00614,1.0,0.7,0.35997876857749467
835,MTK00614,2.0,0.7166666666666666,0.5463906581740976
836,MTK00614,3.0,0.7416666666666667,0.7057003575818527
837,MTK00615,1.0,0.31666666666666665,0.35997876857749467
838,MTK00615,2.0,0.5,0.5463906581740976
839,MTK00615,3.0,0.5583333333333333,0.7057003575818527
840,MTK00616,1.0,0.5333333333333333,0.35997876857749467
841,MTK00616,2.0,0.8666666666666666,0.5463906581740976
842,MTK00616,3.0,0.9,0.7057003575818527
843,MTK00617,1.0,0.6666666666666666,0.35997876857749467
844,MTK00617,2.0,0.7833333333333333,0.5463906581740976
845,MTK00617,3.0,0.875,0.7057003575818527
846,MTK00618,1.0,0.18333333333333332,0.35997876857749467
847,MTK00618,2.0,0.31666666666666665,0.5463906581740976
848,MTK00618,3.0,0.7083333333333333,0.7057003575818527
849,MTK00621,1.0,0.26666666666666666,0.35997876857749467
850,MTK00621,2.0,0.4666666666666666,0.5463906581740976
851,MTK00621,3.0,0.8,0.7057003575818527
852,MTK00623,1.0,0.06666666666666667,0.35997876857749467
853,MTK00623,2.0,0.4,0.5463906581740976
854,MTK00623,3.0,0.55,0.7057003575818527
855,MTK00624,1.0,0.19999999999999998,0.35997876857749467
856,MTK00624,2.0,0.3833333333333333,0.5463906581740976
857,MTK00624,3.0,0.6833333333333333,0.7057003575818527
858,MTK00630,1.0,0.5666666666666667,0.35997876857749467
859,MTK00630,2.0,0.7333333333333333,0.5463906581740976
860,MTK00630,3.0,0.8166666666666667,0.7057003575818527
861,MTK00633,1.0,0.4,0.35997876857749467
862,MTK00633,2.0,0.6333333333333333,0.5463906581740976
863,MTK00633,3.0,0.85,0.7057003575818527
864,MTK00634,1.0,0.2333333333333333,0.35997876857749467
865,MTK00634,2.0,0.41666666666666663,0.5463906581740976
866,MTK00634,3.0,0.625,0.7057003575818527
867,MTK00636,1.0,0.26666666666666666,0.35997876857749467
868,MTK00636,2.0,0.6166666666666666,0.5463906581740976
869,MTK00636,3.0,0.7583333333333333,0.7057003575818527
870,MTK00637,1.0,0.3,0.35997876857749467
871,MTK00637,2.0,0.5833333333333333,0.5463906581740976
872,MTK00637,3.0,0.6916666666666667,0.7057003575818527
873,MTK00638,1.0,0.75,0.35997876857749467
874,MTK00638,2.0,0.9166666666666666,0.5463906581740976
875,MTK00638,3.0,0.9166666666666666,0.7057003575818527
876,MTK00639,1.0,0.16666666666666666,0.35997876857749467
877,MTK00639,2.0,0.55,0.5463906581740976
878,MTK00639,3.0,0.8166666666666667,0.7057003575818527
879,MTK00640,1.0,0.2333333333333333,0.35997876857749467
880,MTK00640,2.0,0.45,0.5463906581740976
881,MTK00640,3.0,0.6916666666666667,0.7057003575818527
882,MTK00641,1.0,0.21666666666666665,0.35997876857749467
883,MTK00641,2.0,0.55,0.5463906581740976
884,MTK00641,3.0,0.7666666666666667,0.7057003575818527
885,MTK00642,1.0,0.2833333333333333,0.35997876857749467
886,MTK00642,2.0,0.45,0.5463906581740976
887,MTK00642,3.0,0.6666666666666666,0.7057003575818527
888,MTK00643,1.0,0.36666666666666664,0.35997876857749467
889,MTK00643,2.0,0.7166666666666666,0.5463906581740976
890,MTK00643,3.0,0.8166666666666667,0.7057003575818527
891,MTK00644,1.0,0.2333333333333333,0.35997876857749467
892,MTK00644,2.0,0.4,0.5463906581740976
893,MTK00644,3.0,0.6,0.7057003575818527
894,MTK00645,1.0,0.26666666666666666,0.35997876857749467
895,MTK00645,2.0,0.3333333333333333,0.5463906581740976
896,MTK00645,3.0,0.5166666666666667,0.7057003575818527
897,MTK00653,1.0,0.16666666666666666,0.35997876857749467
898,MTK00653,2.0,0.3,0.5463906581740976
899,MTK00653,3.0,0.425,0.7057003575818527
900,MTK01314,1.0,0.4,0.35997876857749467
901,MTK01314,2.0,0.5833333333333333,0.5463906581740976
902,MTK01314,3.0,0.675,0.7057003575818527
903,MTK01704,1.0,0.3,0.35997876857749467
904,MTK01704,2.0,0.45,0.5463906581740976
905,MTK01704,3.0,0.4,0.7057003575818527
906,MTK01705,1.0,0.18333333333333332,0.35997876857749467
907,MTK01705,2.0,0.4666666666666666,0.5463906581740976
908,MTK01705,3.0,0.6333333333333333,0.7057003575818527
909,MTK01709,1.0,0.2,0.35997876857749467
910,MTK01709,2.0,0.36666666666666664,0.5463906581740976
911,MTK01709,3.0,0.5083333333333333,0.7057003575818527
912,MTK01711,1.0,0.36666666666666664,0.35997876857749467
913,MTK01711,2.0,0.4666666666666666,0.5463906581740976
914,MTK01711,3.0,0.75,0.7057003575818527
915,MTK01712,1.0,0.21666666666666665,0.35997876857749467
916,MTK01712,2.0,0.5166666666666666,0.5463906581740976
917,MTK01712,3.0,0.7666666666666667,0.7057003575818527
918,MTK01715,1.0,0.6,0.35997876857749467
919,MTK01715,2.0,0.8666666666666666,0.5463906581740976
920,MTK01715,3.0,0.875,0.7057003575818527
921,MTK01716,1.0,0.31666666666666665,0.35997876857749467
922,MTK01716,2.0,0.5666666666666667,0.5463906581740976
923,MTK01716,3.0,0.7,0.7057003575818527
924,MTK01720,1.0,0.18333333333333332,0.35997876857749467
925,MTK01720,2.0,0.41666666666666663,0.5463906581740976
926,MTK01720,3.0,0.675,0.7057003575818527
927,MTK01724,1.0,0.4833333333333333,0.35997876857749467
928,MTK01724,2.0,0.5833333333333333,0.5463906581740976
929,MTK01724,3.0,0.7583333333333333,0.7057003575818527
930,MTK01725,1.0,0.31666666666666665,0.35997876857749467
931,MTK01725,2.0,0.5,0.5463906581740976
932,MTK01725,3.0,0.7416666666666667,0.7057003575818527
933,MTK01726,1.0,0.2833333333333333,0.35997876857749467
934,MTK01726,2.0,0.4833333333333333,0.5463906581740976
935,MTK01726,3.0,0.775,0.7057003575818527
936,MTK01727,1.0,0.5666666666666667,0.35997876857749467
937,MTK01727,2.0,0.8833333333333334,0.5463906581740976
938,MTK01727,3.0,0.95,0.7057003575818527
939,MTK01731,1.0,0.4666666666666666,0.35997876857749467
940,MTK01731,2.0,0.8,0.5463906581740976
941,MTK01731,3.0,0.8666666666666666,0.7057003575818527
